Pd_bus1,Qd_bus1,Pd_bus2,Qd_bus2,Pd_bus3,Qd_bus3,Pd_bus4,Qd_bus4,Pd_bus5,Qd_bus5,Pd_bus6,Qd_bus6,Pd_bus7,Qd_bus7,Pd_bus8,Qd_bus8,Pd_bus9,Qd_bus9,Pd_bus10,Qd_bus10,Pd_bus11,Qd_bus11,Pd_bus12,Qd_bus12,Pd_bus13,Qd_bus13,Pd_bus14,Qd_bus14,Pd_bus15,Qd_bus15,Pd_bus16,Qd_bus16,Pd_bus17,Qd_bus17,Pd_bus18,Qd_bus18,Pd_bus19,Qd_bus19,Pd_bus20,Qd_bus20,Pd_bus21,Qd_bus21,Pd_bus22,Qd_bus22,Pd_bus23,Qd_bus23,Pd_bus24,Qd_bus24,Pd_bus25,Qd_bus25,Pd_bus26,Qd_bus26,Pd_bus27,Qd_bus27,Pd_bus28,Qd_bus28,Pd_bus29,Qd_bus29,Pd_bus30,Qd_bus30,Pg_bus1,Qg_bus1,Pg_bus2,Qg_bus2,Pg_bus3,Qg_bus3,Pg_bus4,Qg_bus4,Pg_bus5,Qg_bus5,Pg_bus6,Qg_bus6,Pg_bus7,Qg_bus7,Pg_bus8,Qg_bus8,Pg_bus9,Qg_bus9,Pg_bus10,Qg_bus10,Pg_bus11,Qg_bus11,Pg_bus12,Qg_bus12,Pg_bus13,Qg_bus13,Pg_bus14,Qg_bus14,Pg_bus15,Qg_bus15,Pg_bus16,Qg_bus16,Pg_bus17,Qg_bus17,Pg_bus18,Qg_bus18,Pg_bus19,Qg_bus19,Pg_bus20,Qg_bus20,Pg_bus21,Qg_bus21,Pg_bus22,Qg_bus22,Pg_bus23,Qg_bus23,Pg_bus24,Qg_bus24,Pg_bus25,Qg_bus25,Pg_bus26,Qg_bus26,Pg_bus27,Qg_bus27,Pg_bus28,Qg_bus28,Pg_bus29,Qg_bus29,Pg_bus30,Qg_bus30,Objective
0,0,22.2745681346169,13.0362679866191,2.48027102537002,1.24013551268501,7.68692497754246,1.6182999952721,0,0,0,0,21.9225459256175,10.4805153767206,30.8356497302313,30.8356497302313,0,0,5.94140130880788,2.04875907200272,0,0,11.8297149180322,7.92168409689654,0,0,6.18696699684806,1.59663664434789,7.93679206665508,2.41975367885826,3.43850488257194,1.76837393960843,9.01382571812736,5.80890990723763,3.20428314139593,0.901204633517605,9.3216118608788,3.33615582389347,2.23019276039455,0.709606787398267,17.29524463096,11.0689565638144,0,0,3.18264932837154,1.59132466418577,8.69309063061239,6.69467899139115,0,0,3.42586042367732,2.25127970698795,0,0,0,0,2.25639033572191,0.846146375895715,10.7384647752147,1.92481915782151,31.9831840796709,-7.40324753766807,0,0,45.0852642210576,-5.90169269199999,0,0,0,0,0,0,0,0,0,0,0,0,0,0,0,0,0,0,24.4660393636158,44.6999727527979,0,0,0,0,0,0,0,0,0,0,0,0,0,0,0,0,22.3123854128187,26.6614272202843,22.7929290178901,17.3609334247551,0,0,0,0,0,0,46.064330187033,33.0323093710914,0,0,0,0,0,0,589.458953951301
0,0,21.497567729435,12.5815258140011,2.5884660853315,1.29423304266575,7.96090933987253,1.67598091365738,0,0,0,0,22.2233183236273,10.6243056898043,30.3685185697713,30.3685185697713,0,0,5.58124782999221,1.92456821723869,0,0,10.9142997254259,7.30868285184768,0,0,6.12367028346616,1.58030200863643,8.37348402107979,2.5528914698414,3.45433549758709,1.77651539875908,9.02104551906505,5.81356266784192,3.22488517527718,0.906998955546706,9.41849078025473,3.37082827924906,2.35162376829287,0.748243926275003,17.930213442557,11.4753366032365,0,0,3.41136445273492,1.70568222636746,8.81119361900776,6.78563186751172,0,0,3.36595823395197,2.21191541088272,0,0,0,0,2.35220666690328,0.882077500088729,10.466576928974,1.87608454387269,40.330085021458,0.043701299070379,0,0,53.8671215121071,-14.8462661935346,0,0,0,0,0,0,0,0,0,0,0,0,0,0,0,0,0,0,16.1303195245833,44.699990856805,0,0,0,0,0,0,0,0,0,0,0,0,0,0,0,0,22.4181386449028,29.3643700671306,18.00640189317,15.4775140964259,0,0,0,0,0,0,41.5507524559115,33.3071247832698,0,0,0,0,0,0,578.52533491951
0,0,22.4356722750387,13.1305547416125,2.34855879782054,1.17427939891027,7.43700457625735,1.56568517394892,0,0,0,0,23.1935206103104,11.0881304672098,29.6972519899104,29.6972519899104,0,0,5.93893794674168,2.04790963680748,0,0,11.4803870236859,7.6877591676468,0,0,6.38475960857106,1.64767989898608,7.65332267185333,2.33333008288211,3.45606303332808,1.77740384571159,8.47284241369932,5.46027622216178,3.37110555429094,0.948123437144326,9.61222792754312,3.44016578459438,2.19327996115011,0.69786180582049,16.9078943071488,10.8210523565752,0,0,3.14803743333537,1.57401871666769,8.91406975661823,6.86485831831519,0,0,3.64381383189006,2.39450623238489,0,0,0,0,2.48096102046922,0.930360382675956,10.9354977032494,1.96013638077112,42.8018853866456,3.07557267385181,0,0,56.582366399276,-8.2197920276576,0,0,0,0,0,0,0,0,0,0,0,0,0,0,0,0,0,0,16.1576366888897,39.5512714824263,0,0,0,0,0,0,0,0,0,0,0,0,0,0,0,0,22.7419955281139,34.5416360253649,16.1499196748095,7.08037181292117,0,0,0,0,0,0,37.8597751762281,28.401051927792,0,0,0,0,0,0,577.325616691993
0,0,22.1019381365754,12.9352356836179,2.40950936915802,1.20475468457901,7.630074412878,1.60633145534274,0,0,0,0,22.2718485766033,10.6475065563586,27.906843572592,27.906843572592,0,0,5.70323044336031,1.96663118736563,0,0,11.4465803617187,7.66512077793665,0,0,6.15630281544481,1.58872330721157,8.33614062733763,2.54150628882245,3.35275764969373,1.72427536269963,8.61774747641977,5.55365948480385,3.13318700095715,0.881208844019197,9.041400447764,3.23586963393659,2.30990882864242,0.73497099093168,17.8927541001153,11.4513626240738,0,0,3.31421899124732,1.65710949562366,8.87407132644665,6.83405492956236,0,0,3.71137189854978,2.43890153333272,0,0,0,0,2.48378249527243,0.931418435727163,10.3149281305888,1.84890221208666,43.9921512562606,7.95434163584112,0,0,57.9284551322655,16.1813667131486,0,0,0,0,0,0,0,0,0,0,0,0,0,0,0,0,0,0,16.6307644728923,22.9884355793948,0,0,0,0,0,0,0,0,0,0,0,0,0,0,0,0,22.8634919328841,28.001390393807,16.2976812874474,7.12264301626601,0,0,0,0,0,0,31.474033495511,14.0268673134368,0,0,0,0,0,0,565.217427826916
0,0,21.0699182538075,12.3312424803389,2.40774071826065,1.20387035913032,7.80807718995745,1.64380572420157,0,0,0,0,22.6388272437088,10.8229481121239,29.058192008278,29.058192008278,0,0,5.74848152718864,1.98223500937539,0,0,11.0861021405011,7.4237291119427,0,0,6.31379462888832,1.62936635584215,8.16661044671872,2.48982025814595,3.62006534010443,1.86174788919657,9.28372143564695,5.98284270297248,3.11891810329904,0.877195716552856,9.50694936807152,3.40248714225717,2.18680110212343,0.695800350675638,16.6264914013566,10.6409544968682,0,0,3.27622010541099,1.63811005270549,8.71194066065794,6.70919568119635,0,0,3.45081694952739,2.26767970968943,0,0,0,0,2.32869615874943,0.873261059531038,10.6002874917031,1.90005153153168,43.1175846796521,5.67745670406806,0,0,56.9457377779349,2.87745057628276,0,0,0,0,0,0,0,0,0,0,0,0,0,0,0,0,0,0,16.1892494168098,32.1176316490626,0,0,0,0,0,0,0,0,0,0,0,0,0,0,0,0,22.6971000404516,29.8603889046767,15.9961489183147,6.51901423853258,0,0,0,0,0,0,34.3968109306447,22.0425082803822,0,0,0,0,0,0,565.878965542175
0,0,21.1381762131775,12.3711906869748,2.42736766864789,1.21368383432394,7.76674452943645,1.63510411146031,0,0,0,0,22.5408414764906,10.7761040391994,30.7779341323017,30.7779341323017,0,0,5.83753546027312,2.01294326216314,0,0,11.4109557071573,7.64126498247139,0,0,5.98712932275609,1.54506563167899,7.68175635302204,2.34199888811648,3.53364748643603,1.81730442159567,9.1099928745038,5.87088429690245,3.0294637397519,0.852036676805221,9.52508819444713,3.4089789327495,2.16378878364608,0.688478249341936,17.6241797828313,11.2794750610121,0,0,3.25989246473718,1.62994623236859,8.61721114402459,6.63624306493848,0,0,3.36826209818917,2.21342937881003,0,0,0,0,2.50850448854689,0.940689183205085,11.0686562348085,1.9840044194468,33.5273768058738,-5.45884093055216,0,0,46.6255295812596,-9.03831703106405,0,0,0,0,0,0,0,0,0,0,0,0,0,0,0,0,0,0,21.6074530936889,44.6999706181913,0,0,0,0,0,0,0,0,0,0,0,0,0,0,0,0,22.214885694844,26.1357042918991,22.3322921572575,18.3326203066508,0,0,0,0,0,0,45.943595194523,33.4169195443412,0,0,0,0,0,0,585.114228732916
0,0,21.9068550014083,12.8210626045109,2.55729857772544,1.27864928886272,7.64950401608519,1.6104218981232,0,0,0,0,21.1520039106279,10.1121422204317,31.1815843626872,31.1815843626872,0,0,5.85533526226467,2.01908112491885,0,0,11.015489011117,7.37644353423011,0,0,6.55538051493682,1.69171110062886,8.47173897062434,2.58284724714157,3.65453717885722,1.87947626341229,9.18723840033256,5.92066474688098,2.99394438218006,0.842046857488141,9.10033614766735,3.2569624107441,2.30753805541193,0.734216653994705,17.6978616316415,11.3266314442506,0,0,3.00090184696089,1.50045092348045,8.97317254144217,6.91037425605316,0,0,3.42422682527691,2.25020619946768,0,0,0,0,2.48996171083286,0.933735641562322,10.4427717815553,1.87181758348632,20.6490483060309,-19.9999059520924,0,0,35.3571963500489,10.5628592238293,0,0,0,0,0,0,0,0,0,0,0,0,0,0,0,0,0,0,39.9999961763532,44.6999982827163,0,0,0,0,0,0,0,0,0,0,0,0,0,0,0,0,21.2547464009039,25.5222262448577,25.7019246235596,15.7819150155824,0,0,0,0,0,0,49.5155855059884,33.1141042433379,0,0,0,0,0,0,618.06225040576
0,0,21.1870743937117,12.3998085161354,2.38602410584916,1.19301205292458,7.75692140539553,1.63303608534643,0,0,0,0,23.06963575774,11.0289048140073,30.2080458234289,30.2080458234289,0,0,5.72787218834246,1.97512834080774,0,0,10.9170784035676,7.31054357381759,0,0,6.14975011271511,1.58703228715229,8.69801837978325,2.65183487188514,3.54932112068246,1.82536514777955,9.2137733197881,5.93776502830789,3.21091491113113,0.903069818755629,9.59127106079259,3.43266543228366,2.20766295172579,0.702438211912752,17.171350562016,10.9896643596902,0,0,3.13984026862288,1.56992013431144,8.19512778030679,6.31119035954661,0,0,3.26222374011276,2.14374702921695,0,0,0,0,2.55592956305328,0.958473586144981,10.4427184267317,1.87180801988588,41.9373858887423,1.37346133000211,0,0,55.6374330186825,-13.0873985215124,0,0,0,0,0,0,0,0,0,0,0,0,0,0,0,0,0,0,15.6978553239661,43.945314146979,0,0,0,0,0,0,0,0,0,0,0,0,0,0,0,0,22.4988835826143,33.0632071304291,15.8047498003778,6.85758208666041,0,0,0,0,0,0,39.873744144663,34.6032825790561,0,0,0,0,0,0,574.485902507553
0,0,22.4047392740928,13.1124510958976,2.39312680130086,1.19656340065043,7.96469248225392,1.67677736468504,0,0,0,0,22.4713956201833,10.7429040464912,29.8075698640481,29.8075698640481,0,0,5.71347457270791,1.97016364576135,0,0,11.2619480491261,7.54148306861124,0,0,6.405471394288,1.65302487594529,8.23325007327431,2.51013721746168,3.42377723614529,1.76079972144615,9.12514144824804,5.88064671109318,3.33171401146216,0.937044565723734,9.28208871319854,3.32201069735527,2.21286245318817,0.70409259874169,17.998166069439,11.518826284441,0,0,3.24231143292637,1.62115571646319,8.91468496306515,6.8653320979927,0,0,3.45871902609074,2.27287250285963,0,0,0,0,2.50192893625025,0.938223351093845,10.7941486410303,1.9348002281092,42.8939965350132,2.92477729283811,0,0,56.7049012777721,-8.59342698385331,0,0,0,0,0,0,0,0,0,0,0,0,0,0,0,0,0,0,16.2776485301207,40.2687956378254,0,0,0,0,0,0,0,0,0,0,0,0,0,0,0,0,22.7920974666649,34.5324726259219,16.2939738690514,7.16080841505222,0,0,0,0,0,0,38.615780985742,29.3564544665005,0,0,0,0,0,0,582.263320324124
0,0,21.7134922593892,12.7078963914398,2.45239569999576,1.22619784999788,7.65612469393176,1.61181572503827,0,0,0,0,24.1132606524539,11.5278307505152,29.8678570933018,29.8678570933018,0,0,5.60731147103746,1.93355567966809,0,0,10.8215051670717,7.24654363866406,0,0,6.26115402568043,1.61578168404656,7.97137924313584,2.43029854973654,3.55486373875921,1.82821563707617,8.73021922813756,5.62614128035531,3.16292857165186,0.889573660777085,9.73013614284496,3.48236451428135,2.18040242762567,0.693764408789986,17.0248643640071,10.8959131929645,0,0,3.26910473481283,1.63455236740641,8.26814974100054,6.36742566260962,0,0,3.31104632407337,2.17583044153393,0,0,0,0,2.42123220730957,0.907962077741089,10.685500412075,1.91532554556062,42.4953878966595,2.41524128382772,0,0,56.2456096712998,-10.0011457476016,0,0,0,0,0,0,0,0,0,0,0,0,0,0,0,0,0,0,15.9652571818345,40.4232621795815,0,0,0,0,0,0,0,0,0,0,0,0,0,0,0,0,22.6755114082765,35.0334129049744,15.996382522782,6.89006419862514,0,0,0,0,0,0,38.0633658346244,29.8481337685338,0,0,0,0,0,0,574.155248336924
0,0,23.5859253684993,13.8037443400895,2.41456567571009,1.20728283785505,7.56566596961482,1.5927717830768,0,0,0,0,22.6416538048017,10.8242994066815,29.1726562893105,29.1726562893105,0,0,5.92280771240557,2.0423474870364,0,0,11.459503249641,7.67377449752743,0,0,5.89527714309377,1.52136184337904,7.96638963639766,2.42877732817002,3.45329663939624,1.77598112883235,9.02991172502054,5.81927644501324,3.24963936853458,0.91396107240035,9.75708556978149,3.49200957234285,2.15795511253368,0.686622081260716,18.2595541495769,11.6861146557292,0,0,3.22490078468315,1.61245039234157,8.82547936100596,6.79663353088964,0,0,3.42244712069822,2.24903667931597,0,0,0,0,2.32144693722539,0.870542601459521,10.4299464134837,1.86951869675652,43.770341484895,6.61833406686602,0,0,57.6541261203605,2.95339274592103,0,0,0,0,0,0,0,0,0,0,0,0,0,0,0,0,0,0,16.6880906228382,32.7485673969925,0,0,0,0,0,0,0,0,0,0,0,0,0,0,0,0,22.9405927020267,31.2811811718878,16.4639555559716,6.68155572254073,0,0,0,0,0,0,35.6321608998478,21.730204851608,0,0,0,0,0,0,580.34315129528
0,0,20.9857650791349,12.2819915440098,2.57112887957001,1.285564439785,7.69776569642476,1.6205822518789,0,0,0,0,22.7850226517951,10.8928397765161,29.9492043686283,29.9492043686283,0,0,5.7682262123439,1.9890435214979,0,0,11.4272767400568,7.65219424557377,0,0,6.02084349016718,1.55376606197863,8.18685854362712,2.4959934584229,3.5808475631226,1.84157874674877,9.01261171878975,5.80812755210895,3.32024684625173,0.9338194255083,9.68062974280027,3.46464643426536,2.13229142814621,0.678456363501067,16.265082569176,10.4096528442727,0,0,2.99355980704911,1.49677990352455,8.789879847994,6.76921781397239,0,0,3.53963986516138,2.32604905424891,0,0,0,0,2.39684122611297,0.898815459792364,10.6745071531532,1.91335505575388,42.1144219409729,1.34252930140818,0,0,55.8387257880262,-12.3230013810089,0,0,0,0,0,0,0,0,0,0,0,0,0,0,0,0,0,0,15.7414500977793,41.98254795297,0,0,0,0,0,0,0,0,0,0,0,0,0,0,0,0,22.5821767096039,35.4620859318598,15.8281560296116,6.92747603474584,0,0,0,0,0,0,38.3546513980043,31.7302698027046,0,0,0,0,0,0,570.526139211624
0,0,21.3802758629325,12.5128803437439,2.53051705236045,1.26525852618022,7.79692718289176,1.641458354293,0,0,0,0,22.0850766475087,10.5582164674493,29.5504619134329,29.5504619134329,0,0,5.53803877608781,1.90966854347855,0,0,11.6452799910698,7.79817856544851,0,0,6.3408209479032,1.63634088978147,8.04594272220876,2.45303131774657,3.35742066270453,1.72667348367662,9.14598456139347,5.89407893956468,3.27699086955182,0.921653682061448,9.62815495899748,3.44586598532541,2.25326767912405,0.716948806994017,18.4591467525431,11.8138539216276,0,0,3.12281402803493,1.56140701401746,8.92712878762208,6.8749152732262,0,0,3.71489001170526,2.44121343626346,0,0,0,0,2.47691283848902,0.928842314433382,10.3704209849804,1.85884904447762,42.956043379585,3.21698782615088,0,0,56.7898676653983,-5.99461430869032,0,0,0,0,0,0,0,0,0,0,0,0,0,0,0,0,0,0,16.252998674255,38.3992155897414,0,0,0,0,0,0,0,0,0,0,0,0,0,0,0,0,22.7988519401797,34.796686386914,16.2281513738523,7.15821841457329,0,0,0,0,0,0,37.1509796496158,26.3447848527345,0,0,0,0,0,0,576.806211485865
0,0,22.2145057159214,13.0011162484886,2.39079586702188,1.19539793351094,7.83962274198708,1.65044689304991,0,0,0,0,23.689386227209,11.3251890296745,30.0245155496709,30.0245155496709,0,0,5.73547108143358,1.9777486487702,0,0,11.1652438727894,7.47672580767146,0,0,6.55650149284889,1.69200038525133,7.95124157534596,2.42415901687377,3.40158833589644,1.74938828703245,9.46449029385342,6.0993381893722,3.34049308483267,0.93951368010919,9.57398522835839,3.42647892383353,2.22241168552935,0.707130990850248,17.4700836096175,11.1808535101552,0,0,3.15632610904118,1.57816305452059,8.80250249868103,6.7789387058808,0,0,3.63942444348736,2.39162177714884,0,0,0,0,2.40752245831988,0.902820921869955,9.58174830107827,1.71748318604233,42.7092932092805,2.75422050870244,0,0,56.4972087302035,-9.66087466698871,0,0,0,0,0,0,0,0,0,0,0,0,0,0,0,0,0,0,16.203354931986,41.63340235768,0,0,0,0,0,0,0,0,0,0,0,0,0,0,0,0,22.7441533700152,34.2392621180506,16.216742958386,7.10058638473724,0,0,0,0,0,0,38.9744010414936,30.8763335298829,0,0,0,0,0,0,581.438293495402
0,0,21.5578875844799,12.6168282176449,2.50031281643022,1.25015640821511,7.47892840940128,1.57451124408448,0,0,0,0,23.6228391272043,11.2933748459003,30.5135175196566,30.5135175196566,0,0,5.60528383995602,1.93285649653656,0,0,10.8192670072223,7.24504487090779,0,0,6.27771664026542,1.62005590716527,7.88815044776511,2.40492391700156,3.41706624532431,1.75734835473822,9.45176341983669,6.09113642611698,3.15322349290952,0.886844107380802,9.3310718913058,3.33954151899365,2.25432655706549,0.717285722702657,18.7071424961078,11.972571197509,0,0,3.27227014539488,1.63613507269744,8.58491459600249,6.61137101071456,0,0,3.58725398376331,2.35733833218732,0,0,0,0,2.4828972952296,0.931086485711101,10.2569289236061,1.83850612781619,38.4842436759019,-0.449060723107207,0,0,51.8575554663677,-13.6518630974967,0,0,0,0,0,0,0,0,0,0,0,0,0,0,0,0,0,0,17.3590846367845,44.6998659940934,0,0,0,0,0,0,0,0,0,0,0,0,0,0,0,0,22.3535363089496,24.9168182212556,20.7152586150736,21.2599155721745,0,0,0,0,0,0,43.0033460729305,32.5883329591189,0,0,0,0,0,0,585.653087075555
0,0,20.8356184342713,12.1941177011634,2.40247781609244,1.20123890804622,7.2038835825013,1.51660707000027,0,0,0,0,23.2215938280236,11.1015514353271,30.8418100288046,30.8418100288046,0,0,6.02996719333751,2.07929903218535,0,0,11.1072963784775,7.43792168201618,0,0,6.06318735110745,1.56469350996321,8.70380171977398,2.65359808529695,3.18750641898344,1.6392890154772,9.4257710347103,6.07438577792441,3.10193804595337,0.872420075424385,9.63648895902566,3.44884868007234,2.21962811162746,0.706245308245101,18.8614413078366,12.0713224370154,0,0,3.22976148290741,1.61488074145371,8.87848657609917,6.83745517929476,0,0,3.53812589315662,2.32505415836006,0,0,0,0,2.44510496528486,0.916914361981821,10.6819000217148,1.91468019257151,28.9006314597194,-16.2757328735815,0,0,42.2056581236905,5.91833634514677,0,0,0,0,0,0,0,0,0,0,0,0,0,0,0,0,0,0,30.9911533929934,44.6999937968551,0,0,0,0,0,0,0,0,0,0,0,0,0,0,0,0,21.3889962968777,24.5260362521287,24.4043526908761,17.9739113903503,0,0,0,0,0,0,46.6574343467583,32.7591418316165,0,0,0,0,0,0,604.400482469375
0,0,20.1774143159078,11.8089014659921,2.31871565572102,1.15935782786051,7.73670301676575,1.628779582477,0,0,0,0,23.01586393507,11.0031981093098,29.634759773723,29.634759773723,0,0,5.79297664147986,1.99757815223443,0,0,11.2736886554978,7.54934508180653,0,0,6.40735134708589,1.65351002505442,8.559560660126,2.60962215247744,3.53119912245982,1.81604526297934,9.03250514704585,5.82094776142954,3.15924997046848,0.888539054194261,9.81844263566063,3.51396894328907,2.23780236713537,0.712028025906707,17.2074015995433,11.0127370237077,0,0,3.37922741789835,1.68961370894918,9.03740130626636,6.95983778758444,0,0,3.57218455246743,2.34743556305002,0,0,0,0,2.49600703948984,0.93600263980869,10.3416681470244,1.85369523390059,42.6599355267734,2.4632264889475,0,0,56.4696991708271,-7.60012345223419,0,0,0,0,0,0,0,0,0,0,0,0,0,0,0,0,0,0,16.0778322690943,39.2138490594803,0,0,0,0,0,0,0,0,0,0,0,0,0,0,0,0,22.714346077729,34.6558405327604,16.1316600311881,7.32763251540759,0,0,0,0,0,0,37.2511972063869,27.5396957202673,0,0,0,0,0,0,573.540470289312
0,0,21.3716673387521,12.5078421752143,2.47714944656499,1.23857472328249,8.34775145504502,1.75742135895685,0,0,0,0,24.2547090690344,11.5954530198454,31.0320917452392,31.0320917452392,0,0,5.80422675006202,2.00145750002139,0,0,11.1528801069239,7.46844650017228,0,0,6.46817003677075,1.66920517077955,8.45583440444922,2.5779982940394,3.52965226242218,1.81524973495998,9.29633599577278,5.99097208616468,3.38459421304171,0.951917122417981,9.77454324729953,3.49825758324404,2.17394478023062,0.691709702800651,17.4574849433212,11.1727903637256,0,0,3.31002680297953,1.65501340148977,8.76649098175177,6.75120569859044,0,0,3.58372055964606,2.35501636776741,0,0,0,0,2.38565310433721,0.894619914126454,10.777537432311,1.93182274730104,26.7826576232092,-18.6084848682393,0,0,40.1448116757758,8.88007166594844,0,0,0,0,0,0,0,0,0,0,0,0,0,0,0,0,0,0,35.1651687737191,44.6999843003019,0,0,0,0,0,0,0,0,0,0,0,0,0,0,0,0,21.7046378995274,25.8762521727058,24.7282374502356,16.9079979433731,0,0,0,0,0,0,48.2359451418326,33.1277271554998,0,0,0,0,0,0,619.569540887985
0,0,22.5068260213935,13.1721977175897,2.41349635239428,1.20674817619714,7.9633479122448,1.6764942973147,0,0,0,0,23.9098204118806,11.4305720390131,29.7141977341184,29.7141977341184,0,0,5.58024339655654,1.92422186088157,0,0,11.3548506239102,7.60369461422558,0,0,5.93984531469168,1.53286330701721,7.89620463093116,2.40737946064974,3.1890864741228,1.64010161526315,8.87027428559842,5.71639898405231,3.24079990554909,0.911474973435683,9.40935534341506,3.36755875448539,2.20391411506971,0.701245400249453,18.3465491440146,11.7417914521693,0,0,3.21390698045822,1.60695349022911,9.09038904130805,7.0006444341108,0,0,3.5505878897299,2.33324347039393,0,0,0,0,2.33539525155409,0.875773219332783,11.2298886858369,2.01290457576323,43.2056496622651,3.56292164343509,0,0,57.0481994228882,-6.94998552027841,0,0,0,0,0,0,0,0,0,0,0,0,0,0,0,0,0,0,16.460418903622,39.1539302477031,0,0,0,0,0,0,0,0,0,0,0,0,0,0,0,0,22.8842721817484,34.6895994993287,16.4409111622829,7.19088055592181,0,0,0,0,0,0,38.5427989257406,28.0250390020059,0,0,0,0,0,0,586.037577191512
0,0,21.5064423075727,12.5867196915287,2.40666152615736,1.20333076307868,7.99393616992014,1.6829339305095,0,0,0,0,23.116784395814,11.051445171683,29.4176762519731,29.4176762519731,0,0,5.62041079417609,1.93807268764693,0,0,10.8900777455594,7.29246277604426,0,0,6.26041736071051,1.61559157695755,7.91087407686827,2.41185185270374,3.4650240505937,1.78201236887676,9.52332566920379,6.13725432015355,3.20218821412791,0.900615435223476,9.8045011367077,3.50897935419013,2.13541052657161,0.679448803909148,17.1705561910259,10.9891559622566,0,0,3.12907065927598,1.56453532963799,8.56285054951535,6.59437915882217,0,0,3.36967751101723,2.21435950723989,0,0,0,0,2.30528870888244,0.864483265830915,10.5379575366254,1.88887918109323,42.9382923502589,4.01924035410758,0,0,56.745862181515,-3.70701214042099,0,0,0,0,0,0,0,0,0,0,0,0,0,0,0,0,0,0,16.1582518114153,36.6657569394351,0,0,0,0,0,0,0,0,0,0,0,0,0,0,0,0,22.7341976320468,33.4789619571603,16.076590627167,7.00103313205543,0,0,0,0,0,0,36.1352947578496,24.3686032527735,0,0,0,0,0,0,571.46725576109
0,0,22.0154031540421,12.8845907860062,2.36108243178629,1.18054121589315,7.81593014087332,1.64545897702596,0,0,0,0,23.2750544070778,11.1271093437346,31.0155750486214,31.0155750486214,0,0,5.95772484411523,2.05438787728111,0,0,10.8967532799211,7.29693299994715,0,0,6.2038190677879,1.60098556588075,8.32951076852242,2.53948499040318,3.46604104143117,1.78253539273603,8.97029630487827,5.78085761869933,3.24003254617344,0.911259153611281,9.27690778960555,3.32015647206935,2.18208653039522,0.694300259671205,17.9325727535856,11.4768465622948,0,0,3.21454178942035,1.60727089471017,8.71817114064961,6.71399386693706,0,0,3.49578936494048,2.2972330112466,0,0,0,0,2.34360410701823,0.878851540131837,10.5349135178036,1.888333555078,27.1315724513654,-15.9227692210781,0,0,40.3250414628462,5.4058660041652,0,0,0,0,0,0,0,0,0,0,0,0,0,0,0,0,0,0,32.8227230266553,44.699979088859,0,0,0,0,0,0,0,0,0,0,0,0,0,0,0,0,21.563445508513,25.2941287237795,24.5095937761562,17.1881584199633,0,0,0,0,0,0,47.7793370931834,33.0100012378573,0,0,0,0,0,0,606.906324642219
0,0,21.1807192070016,12.3960891211484,2.37985663420552,1.18992831710276,7.48384440309917,1.57554619012614,0,0,0,0,23.0013902282683,10.9962786617598,30.4248435229326,30.4248435229326,0,0,5.80918598000274,2.00316757931129,0,0,11.259824620961,7.5400611301078,0,0,6.3647988148015,1.64252872640039,8.15443130580497,2.48610710542835,3.40618897796385,1.75175433152427,8.86293753522339,5.71167085603285,3.14397601673742,0.884243254707399,9.65403806553447,3.45512941292813,2.22017079580644,0.706417980483867,17.278012137633,11.0579277680851,0,0,3.26495416799438,1.63247708399719,8.67074611410223,6.6774711453431,0,0,3.41471084421012,2.24395284048093,0,0,0,0,2.37725746125494,0.891471547970604,10.3123501782796,1.84844012629539,39.7946232615489,0.221915175414447,0,0,53.2447951868176,-15.5672203984045,0,0,0,0,0,0,0,0,0,0,0,0,0,0,0,0,0,0,15.9466642769873,44.6993752877463,0,0,0,0,0,0,0,0,0,0,0,0,0,0,0,0,22.4013552014885,30.1458898820959,18.0379984779949,15.4439444468741,0,0,0,0,0,0,42.0987682908162,32.7829896199548,0,0,0,0,0,0,575.865329493003
0,0,22.8903020047221,13.3966283622106,2.37366542584844,1.18683271292422,7.61456464534054,1.60306624112432,0,0,0,0,24.473117766348,11.6998677040874,30.1982779349116,30.1982779349116,0,0,5.68178837588562,1.95923737099504,0,0,11.4619789257167,7.67543231632815,0,0,6.24371926141311,1.61128239004209,8.26290525623615,2.51917843177932,3.40501858873828,1.7511524170654,9.15716952703219,5.90128702853185,3.03102287346937,0.85247518316326,9.31451026909354,3.33361420157032,2.20012555670154,0.70003994985958,17.5259668623714,11.2166187919177,0,0,3.06679092473848,1.53339546236924,8.82973323197243,6.79990950048451,0,0,3.5364247021171,2.32393623281981,0,0,0,0,2.41802430343034,0.906759113786376,10.2354900083237,1.83466330337878,42.6459504852988,2.5554291888555,0,0,56.4151111718895,-11.6763211509209,0,0,0,0,0,0,0,0,0,0,0,0,0,0,0,0,0,0,16.2677833140906,44.4624654191789,0,0,0,0,0,0,0,0,0,0,0,0,0,0,0,0,22.7238173202471,33.2223237425772,16.3341996365899,7.24265247540237,0,0,0,0,0,0,40.3431494827671,33.0609359518178,0,0,0,0,0,0,586.866867594246
0,0,20.9366934493412,12.2532722030707,2.30785359871027,1.15392679935514,7.834149480103,1.6492946273901,0,0,0,0,22.5200656566027,10.7661717393408,30.0803205825972,30.0803205825972,0,0,5.79286999961021,1.99754137917593,0,0,11.1305172102808,7.45347134617018,0,0,6.45800203272442,1.66658116973533,8.52597152049474,2.59938156112645,3.29851387127454,1.69637856236977,9.44001612845351,6.08356594944781,3.295111753245,0.926750180600157,9.26759816407531,3.31682460609011,2.05800086094445,0.654818455755051,18.0068574738674,11.5243887832751,0,0,3.34872366584432,1.67436183292216,8.28967430497953,6.38400205096125,0,0,3.37492019923593,2.21780470235504,0,0,0,0,2.45863066749118,0.921986500309193,10.7974402692849,1.93539023694729,42.1442616206931,1.69627112366382,0,0,55.8808647600136,-11.464078510537,0,0,0,0,0,0,0,0,0,0,0,0,0,0,0,0,0,0,15.8267379296621,43.0503210154818,0,0,0,0,0,0,0,0,0,0,0,0,0,0,0,0,22.5436285487578,32.5854524947353,15.9190455521725,7.00756207926675,0,0,0,0,0,0,39.6734353934851,33.4799348151975,0,0,0,0,0,0,576.457195544151
0,0,21.486106357142,12.5748180062536,2.50209055364751,1.25104527682375,7.51788458157057,1.58271254348854,0,0,0,0,22.387206542477,10.7026557593421,29.8916730727862,29.8916730727862,0,0,5.93360923273211,2.04607214921797,0,0,10.9784366354272,7.35163167550926,0,0,6.14102708351942,1.58478118284372,8.22416011166537,2.50736588770286,3.60033528105898,1.85160100168748,9.11806025663053,5.87608327649523,3.10546690529347,0.873412567113788,9.82404731566701,3.51597482876504,2.24353127951822,0.713850861664888,17.1801457322999,10.995293268672,0,0,3.34610882656538,1.67305441328269,8.80580753817092,6.7814839661776,0,0,3.64787593806016,2.39717561643953,0,0,0,0,2.3577276857731,0.884147882164913,10.2735263750559,1.8414811426987,42.3606836246378,1.97808900960815,0,0,56.1101380109909,-10.7121174504253,0,0,0,0,0,0,0,0,0,0,0,0,0,0,0,0,0,0,15.8919140140814,40.993803652301,0,0,0,0,0,0,0,0,0,0,0,0,0,0,0,0,22.6556007512105,35.2400641834851,15.9974286641541,7.15744666744431,0,0,0,0,0,0,38.2082152217409,30.6003745159348,0,0,0,0,0,0,573.365898566011
0,0,21.0958008907654,12.3463903830747,2.42957587598291,1.21478793799145,7.79294075939344,1.64061910724072,0,0,0,0,23.5148310419459,11.241739401632,29.0796966554772,29.0796966554772,0,0,5.58645125171601,1.92636250059173,0,0,11.5317919739368,7.72218212540412,0,0,6.07090423142384,1.56668496294809,8.4378161361897,2.57250491957003,3.52733348377396,1.81405722022661,9.14088152855127,5.8907903183997,3.27154244766756,0.920121313406501,9.5575800178302,3.4206075853287,2.15374147348371,0.685281377926635,17.1478362868068,10.9746152235564,0,0,3.30931099275412,1.65465549637706,8.75606819219082,6.74317895260672,0,0,3.50067376342913,2.30044275882486,0,0,0,0,2.42072583229471,0.907772187110515,10.6128481278905,1.90230296631999,43.4654475471748,6.04579637072042,0,0,57.3472398914202,3.77791397478702,0,0,0,0,0,0,0,0,0,0,0,0,0,0,0,0,0,0,16.4777868869308,32.0491320328686,0,0,0,0,0,0,0,0,0,0,0,0,0,0,0,0,22.8159991792936,29.8514277593962,16.2553892141121,6.52040416358943,0,0,0,0,0,0,34.9511910029754,22.0051740533904,0,0,0,0,0,0,573.350236726574
0,0,20.4731729744401,11.9819952431055,2.50123776750651,1.25061888375326,7.7620513694134,1.63411607777124,0,0,0,0,23.0628765188506,11.0256734234856,30.6869378828795,30.6869378828795,0,0,5.8450605744951,2.01553812913624,0,0,11.174934713984,7.48321521025714,0,0,6.57918845761526,1.6978550858362,8.74790389027553,2.66704386898644,3.50148795755024,1.80076523531155,8.7857866715581,5.66195141055966,3.29636011973021,0.927101283674121,9.69746316091003,3.47067102600991,2.09742943634237,0.66736391156348,18.0635304845323,11.5606595101007,0,0,3.2138277604184,1.6069138802092,8.79251258815157,6.77124532650753,0,0,3.32146333203079,2.18267590390595,0,0,0,0,2.28698900718221,0.857620877693328,10.5248683073295,1.88653299848359,34.542109838641,-5.55883356566803,0,0,47.7941247185806,-8.0013636145887,0,0,0,0,0,0,0,0,0,0,0,0,0,0,0,0,0,0,21.8433084120354,44.6999848143073,0,0,0,0,0,0,0,0,0,0,0,0,0,0,0,0,22.3429458583024,26.1712386809114,22.1562264912301,18.0849359570079,0,0,0,0,0,0,44.6136440978893,32.8085065474976,0,0,0,0,0,0,587.898760519979
0,0,21.8252098913242,12.7732795216505,2.56919613203608,1.28459806601804,7.50620430751325,1.58025353842384,0,0,0,0,22.699176657065,10.8517993667548,29.757473091684,29.757473091684,0,0,5.67300666899618,1.95620919620558,0,0,11.2089824341306,7.5060150228553,0,0,6.39690848436061,1.65081509273822,8.06759017473943,2.45963115083519,3.52953962189424,1.81519180554561,9.08448277420018,5.85444445448456,3.11397300702927,0.875804908226981,9.65565564379712,3.45570833567476,2.07895244231825,0.661484868010352,18.2206833605609,11.661237350759,0,0,3.17144615656078,1.58572307828039,8.36436070493046,6.44151916356713,0,0,3.53426044259812,2.32251400513591,0,0,0,0,2.31994374068862,0.869978902758232,10.9340476364514,1.95987646313751,42.7184903662467,2.892501450023,0,0,56.5090170963852,-8.02780550180817,0,0,0,0,0,0,0,0,0,0,0,0,0,0,0,0,0,0,16.1203033784306,39.9908696746087,0,0,0,0,0,0,0,0,0,0,0,0,0,0,0,0,22.7170347488242,33.9612991973618,16.1097237379774,6.95160024244562,0,0,0,0,0,0,38.1518040207098,29.012795314642,0,0,0,0,0,0,577.485871316596
0,0,21.0006262724062,12.2906891087354,2.32141560528724,1.16070780264362,7.5810590726578,1.59601243634901,0,0,0,0,23.5431567901641,11.2552810970521,29.8763143320737,29.8763143320737,0,0,5.77890702131999,1.99272655907586,0,0,11.2927122948552,7.5620841260191,0,0,6.06178181530598,1.5643307910467,8.33242167273825,2.54037246120069,3.70065534362154,1.90319417671965,8.93199794061385,5.75617645061782,3.10023989687972,0.871942470997421,9.63994057678188,3.45008399590088,2.18402867037956,0.694918213302588,15.9412672238796,10.202411023283,0,0,3.30811996585716,1.65405998292858,8.82456833257623,6.79593193428285,0,0,3.44556878631171,2.26423091671912,0,0,0,0,2.29174115475601,0.859402933033505,10.2928700972724,1.84494841366204,42.2099973782952,1.91161240239833,0,0,55.9352739671034,-10.7495959162539,0,0,0,0,0,0,0,0,0,0,0,0,0,0,0,0,0,0,15.7833694701032,41.0161964868684,0,0,0,0,0,0,0,0,0,0,0,0,0,0,0,0,22.5841296989865,34.839941534752,15.8645090577215,7.1031864886278,0,0,0,0,0,0,37.6993168871898,30.2666794010928,0,0,0,0,0,0,568.994903395486
0,0,21.5144027229815,12.5913785521597,2.37913500929876,1.18956750464938,8.24056477219271,1.73485574151425,0,0,0,0,23.6430538551961,11.3030389044578,29.9348832851346,29.9348832851346,0,0,5.91039103828941,2.03806587527221,0,0,10.7085749744433,7.17092074181469,0,0,6.23959997637655,1.61021934874234,8.30025491269886,2.53056552216429,3.4573748322992,1.77807848518245,8.65809581742403,5.5796617490066,3.30009964832263,0.928153026090741,9.7431590575551,3.48702534691446,2.21851690852836,0.705891743622659,16.856876048433,10.7884006709971,0,0,3.00440043843183,1.50220021921591,9.05385537081438,6.9725093085582,0,0,3.53467058958797,2.32278353030067,0,0,0,0,2.44347743281314,0.916304037304926,11.0215657790481,1.97556367737655,42.5770334120922,1.95691616080339,0,0,56.3561943123366,-11.2382941429429,0,0,0,0,0,0,0,0,0,0,0,0,0,0,0,0,0,0,16.0741827519956,41.1774078980576,0,0,0,0,0,0,0,0,0,0,0,0,0,0,0,0,22.7331191867295,35.5328450657473,16.1489813935381,7.07764977817621,0,0,0,0,0,0,38.9903268620212,31.1609533366469,0,0,0,0,0,0,579.692758670999
0,0,21.1600356909909,12.3839840219164,2.35114302964579,1.1755715148229,7.81665227953247,1.64561100621736,0,0,0,0,23.0553172258827,11.0220595509703,30.4640855307728,30.4640855307728,0,0,6.1376730069353,2.11643896790873,0,0,11.0463887288892,7.39713530952401,0,0,5.99313754686014,1.5466161411252,7.73481836528568,2.35817633087978,3.55850980760598,1.83009075819736,8.84387498080171,5.69938609873888,3.25126215605281,0.914417481389852,9.41408093982618,3.36925002056937,2.17679771857175,0.692617455909194,17.1932055047996,11.0036515230717,0,0,3.29253620528516,1.64626810264258,8.52581927399732,6.56586082020483,0,0,3.5031552196715,2.30207343006985,0,0,0,0,2.46051359618558,0.922692598569594,10.4032904848256,1.86474074728007,39.3961372950615,0.191375672493536,0,0,52.7907344146774,-16.034722579253,0,0,0,0,0,0,0,0,0,0,0,0,0,0,0,0,0,0,15.8778882334037,44.6996676421667,0,0,0,0,0,0,0,0,0,0,0,0,0,0,0,0,22.3581148860014,29.6505500760696,18.2342636962858,16.2392744644529,0,0,0,0,0,0,42.5911623062466,32.8205820645358,0,0,0,0,0,0,575.089642642274
0,0,21.4255714145514,12.5393897218803,2.44128171326512,1.22064085663256,7.14000107844709,1.50315812177833,0,0,0,0,22.4105866203289,10.7138330772625,30.7389435631446,30.7389435631446,0,0,5.62074960822432,1.93818952007735,0,0,11.2041584413152,7.50278467052354,0,0,6.17440999239336,1.59339612706925,8.12418706279074,2.47688629963132,3.55608834916931,1.82884543671564,8.97478861389261,5.78375266228635,3.22336836350611,0.906572352236093,9.41347027944696,3.36903146843365,2.09259649493418,0.665826157479056,18.7957786823637,12.0292983567128,0,0,3.37377619465007,1.68688809732504,8.66557373398111,6.67348781812338,0,0,3.53546594632216,2.32330619329742,0,0,0,0,2.50067819429325,0.937754322859968,10.8090729953256,1.93747534821873,32.2109492002737,-9.84759136654905,0,0,45.4183632339337,-2.75547313690069,0,0,0,0,0,0,0,0,0,0,0,0,0,0,0,0,0,0,24.8784246005867,44.6999886668285,0,0,0,0,0,0,0,0,0,0,0,0,0,0,0,0,21.8088662496083,24.7292343014484,23.2164870088063,18.649157472071,0,0,0,0,0,0,45.5667964450509,33.1850111777182,0,0,0,0,0,0,590.931927771041
0,0,21.1889271783621,12.4008928647557,2.41912031358911,1.20956015679455,7.85368318907858,1.65340698717444,0,0,0,0,23.5568603967643,11.2618323826636,30.512826887545,30.512826887545,0,0,5.56592729579515,1.91928527441212,0,0,11.2360732626776,7.52415620268593,0,0,6.28344868730235,1.62153514511028,8.30536471304839,2.53212338812451,3.49908677066344,1.79953033919834,8.99368226098863,5.79592856819267,3.25115461981309,0.914387236822433,9.75285050175547,3.49049386378617,2.29696332660145,0.730851967555005,17.7177124553773,11.3393359714415,0,0,3.18619965300467,1.59309982650233,8.95668486735951,6.89767685187457,0,0,3.47366624521814,2.28269496114335,0,0,0,0,2.34496242216102,0.879360908310382,10.2758475050557,1.84189719430243,38.9831244189197,0.196520761461891,0,0,52.3737714090725,-15.538935976356,0,0,0,0,0,0,0,0,0,0,0,0,0,0,0,0,0,0,16.7027588840794,44.6998582893254,0,0,0,0,0,0,0,0,0,0,0,0,0,0,0,0,22.5266879102647,27.4739287834194,20.0663092203544,20.0698981340591,0,0,0,0,0,0,42.9967775414014,32.1630808400057,0,0,0,0,0,0,584.765207704195
0,0,22.0702680506943,12.9167006563971,2.38744238637534,1.19372119318767,7.67754334995094,1.61632491577915,0,0,0,0,23.2480593528178,11.1142038134085,28.7569739474014,28.7569739474014,0,0,6.1322764953181,2.11457810183383,0,0,11.1545756981549,7.46958194072873,0,0,5.96023771852555,1.5381258628453,8.36627723114878,2.55069427778926,3.7212463165258,1.91378381992755,9.09613845173027,5.86195589111506,3.25648799617959,0.915887248925509,9.51588943446411,3.4056867449661,2.18921594755247,0.696568710584877,17.0545963042214,10.9149416347017,0,0,3.0357627577601,1.51788137888005,9.03622854806561,6.95893462897007,0,0,3.34504987323513,2.19817563098308,0,0,0,0,2.51532292481272,0.943246096804772,11.1082992779955,1.99111024794259,43.8826064598791,7.69039050449722,0,0,57.7959504552805,8.3225565778673,0,0,0,0,0,0,0,0,0,0,0,0,0,0,0,0,0,0,16.6942184068681,29.5379418255509,0,0,0,0,0,0,0,0,0,0,0,0,0,0,0,0,22.9011059021605,28.8525834949782,16.3887573856434,6.54136992437833,0,0,0,0,0,0,34.2976446986646,18.2583781861355,0,0,0,0,0,0,575.767253083878
0,0,21.498909863339,12.5823113025072,2.46659028562402,1.23329514281201,7.95956466861472,1.67569782497152,0,0,0,0,22.1459996070542,10.5873419174075,29.0029602787026,29.0029602787026,0,0,5.89065019498338,2.0312586879253,0,0,10.8070093095304,7.23683659120339,0,0,6.11058129199298,1.57692420438528,7.93629698702591,2.41960273994692,3.55631584845634,1.82896243634898,9.58190019224088,6.17500234611079,3.24684382952129,0.913174827052863,9.72978701556666,3.48223956346596,2.26492894697596,0.720659210401441,17.6167007411486,11.2746884743351,0,0,3.19060306721929,1.59530153360965,8.69098181166229,6.69305495840659,0,0,3.53742918038013,2.32459631853552,0,0,0,0,2.3780322900311,0.891762108761662,10.8986016436376,1.95352293612373,43.4355128655044,6.18771546371191,0,0,57.3064901592867,4.2885861379959,0,0,0,0,0,0,0,0,0,0,0,0,0,0,0,0,0,0,16.397395597805,31.1125106348,0,0,0,0,0,0,0,0,0,0,0,0,0,0,0,0,22.8120061274169,30.0588927372991,16.1803999267869,6.41470657724449,0,0,0,0,0,0,34.7445718394669,21.603906673489,0,0,0,0,0,0,571.685251746517
0,0,21.9990285615911,12.87500749918,2.40829277670828,1.20414638835414,7.5961069424329,1.59918040893324,0,0,0,0,22.4273025550345,10.7218244670998,30.5283442830757,30.5283442830757,0,0,5.64873489598109,1.94783961930382,0,0,11.685855730578,7.82534981958348,0,0,6.32867735565057,1.63320705952273,8.37605294130905,2.55367467722837,3.56481168273919,1.83333172255158,9.20674898156327,5.93323823256299,3.31163042717833,0.931396057643906,9.59035909890204,3.43233904592283,2.2399225344418,0.712702624595117,17.7697150988802,11.3726176632834,0,0,3.42458198812019,1.7122909940601,8.99754202399315,6.92914155870737,0,0,3.52958050013137,2.31943861437205,0,0,0,0,2.49938893522039,0.937270850707647,11.0418848646957,1.97920577763413,38.1740793513908,-1.86418477404987,0,0,51.575648136354,-13.3524976347151,0,0,0,0,0,0,0,0,0,0,0,0,0,0,0,0,0,0,18.2056697784469,44.6999844961062,0,0,0,0,0,0,0,0,0,0,0,0,0,0,0,0,22.548541617054,26.9062522035401,21.0193003093216,20.0462003973114,0,0,0,0,0,0,43.6372326075508,33.3877202848438,0,0,0,0,0,0,591.335864201041
0,0,21.0756752636257,12.3346117902325,2.38812826977442,1.19406413488721,7.67605639401559,1.61601187242434,0,0,0,0,22.3738416897091,10.6962664218346,30.0909833398738,30.0909833398738,0,0,5.89127417274791,2.03147385267169,0,0,11.2816358464533,7.5546668614643,0,0,6.60351815431267,1.70413371724198,8.10464121399411,2.47092719938845,3.53655839815411,1.81880146190783,9.48477536637121,6.11241079166144,3.04789850833456,0.857221455469094,9.74552774979217,3.4878730893993,2.2616702195687,0.719622342590041,16.2435606555277,10.3958788195377,0,0,3.29327148729979,1.64663574364989,8.27264795886268,6.3708898074,0,0,3.49003440170607,2.29345117826399,0,0,0,0,2.5945408719596,0.972952826984849,11.1731518610084,2.00273476753924,41.9955366797381,0.914771398019255,0,0,55.7090284345573,-13.9747057113743,0,0,0,0,0,0,0,0,0,0,0,0,0,0,0,0,0,0,15.7243672586817,43.5475129700814,0,0,0,0,0,0,0,0,0,0,0,0,0,0,0,0,22.5509607506009,34.8101138088244,15.8483476112446,6.89641640548353,0,0,0,0,0,0,39.5882176755095,34.0344953399074,0,0,0,0,0,0,574.311798924081
0,0,22.2973510927319,13.0496017915989,2.31891831245611,1.15945915622805,7.76790575800779,1.63534858063322,0,0,0,0,22.491330129873,10.7524341410358,29.9647866893296,29.9647866893296,0,0,5.8237295903011,2.00818261734521,0,0,12.1323421144487,8.12433623735402,0,0,6.01190341117705,1.55145894481988,8.53422392954231,2.60189753949461,3.55840629436497,1.83003752281627,8.66548765799942,5.58442537959963,3.04294709558437,0.855828870633104,9.61888241377256,3.44254739019229,2.22722286086498,0.70866181936613,16.9431796677882,10.8436349873844,0,0,3.1758702240452,1.5879351120226,8.63974232208268,6.65359466183379,0,0,3.47058778120616,2.28067197050691,0,0,0,0,2.36314224199958,0.886178340749842,10.9828049664331,1.96861598454933,42.5259350888611,2.03507609016418,0,0,56.2896491530455,-11.5776965561211,0,0,0,0,0,0,0,0,0,0,0,0,0,0,0,0,0,0,16.0758226414329,42.3001421926782,0,0,0,0,0,0,0,0,0,0,0,0,0,0,0,0,22.7004709399618,35.0696427936254,16.1193597962138,7.0003264411382,0,0,0,0,0,0,39.0129658691381,31.4781953072914,0,0,0,0,0,0,579.112380269048
0,0,22.7215020671636,13.2978376153446,2.33158787489284,1.16579393744642,7.47874969448259,1.57447361989107,0,0,0,0,22.5127566967593,10.7626775436262,30.9859696044293,30.9859696044293,0,0,5.95826553207608,2.05457432140554,0,0,11.3926617044668,7.62901453424115,0,0,6.35727188854345,1.64058629381766,8.47971360846509,2.58527853916619,3.53238586637213,1.81665558841995,9.15620669419486,5.90066653625891,3.12623754206867,0.879254308706814,8.82545461036975,3.15858375529023,2.37546711880116,0.755830446891277,17.6288631327628,11.2824724049682,0,0,3.20923638474882,1.60461819237441,8.37116960992493,6.44676280304563,0,0,3.48601774875532,2.29081166346778,0,0,0,0,2.29612027523933,0.861045103214749,10.6745884709315,1.91336963158205,28.1470123990492,-13.8463829068275,0,0,41.3044750597848,2.92578181388631,0,0,0,0,0,0,0,0,0,0,0,0,0,0,0,0,0,0,31.1056085062664,44.6999926746638,0,0,0,0,0,0,0,0,0,0,0,0,0,0,0,0,21.7707523188562,25.5612671502357,23.9019098766186,16.9038417763922,0,0,0,0,0,0,47.5109438352572,33.1025731667033,0,0,0,0,0,0,602.402016014015
0,0,22.2605825368479,13.0280828671875,2.32194369647002,1.16097184823501,7.59178866600468,1.59827129810625,0,0,0,0,22.6098467988855,10.809093425783,29.8986535461412,29.8986535461412,0,0,5.67730137770009,1.95769013024141,0,0,11.8931426737164,7.96415804043508,0,0,5.87239355185681,1.51545640047918,8.19057222398528,2.49712567804429,3.43677354519096,1.76748353752678,8.9025118649069,5.73717431294,3.36574731977491,0.946616433686692,9.42677946813635,3.37379475701722,2.20977863584455,0.703111384132355,17.6364538218446,11.2873304459806,0,0,3.23397452797398,1.61698726398699,8.01070686198032,6.16916505462852,0,0,3.51593948357087,2.31047451777515,0,0,0,0,2.25974502125737,0.847404382971515,10.2632876237185,1.83964589481747,42.4285486699132,2.60245068872973,0,0,56.1673204596946,-9.69815191009869,0,0,0,0,0,0,0,0,0,0,0,0,0,0,0,0,0,0,15.9425479358819,41.241410279894,0,0,0,0,0,0,0,0,0,0,0,0,0,0,0,0,22.6317793771732,34.0004042762729,15.9451475801006,6.83884401064286,0,0,0,0,0,0,38.0839955636732,30.193781247635,0,0,0,0,0,0,573.248745130385
0,0,20.2046664443564,11.824850868356,2.41975755612791,1.20987877806396,7.77439713869837,1.63671518709439,0,0,0,0,21.9666394429007,10.5015951722639,28.0007382786567,28.0007382786567,0,0,5.98917279566556,2.06523199850537,0,0,11.7219737788836,7.84953601264526,0,0,6.22828299181093,1.60729883659637,8.48832631341243,2.58790436384525,3.72742256872914,1.91696017820356,9.21450086873028,5.93823389318173,3.33244968457909,0.93725147378787,9.35084409976107,3.34661788833554,2.27296071484322,0.723214772904661,16.6995972426221,10.6877422352782,0,0,3.22562451977605,1.61281225988802,9.06008881156107,6.9773097744206,0,0,3.52655764656201,2.31745216774075,0,0,0,0,2.29123915462078,0.859214682982793,10.1339125710825,1.81645602689215,43.75307284285,7.24432830508696,0,0,57.6943059021973,15.840537777224,0,0,0,0,0,0,0,0,0,0,0,0,0,0,0,0,0,0,16.4900866728883,23.7781097399673,0,0,0,0,0,0,0,0,0,0,0,0,0,0,0,0,22.7838386743173,27.711300984536,16.1606066824503,7.17417478379895,0,0,0,0,0,0,30.9246261695576,13.6924230541462,0,0,0,0,0,0,559.996812604431
0,0,21.0443976203328,12.3163064413929,2.50350466413977,1.25175233206989,7.45049133723928,1.56852449205037,0,0,0,0,21.7681806790437,10.4067179562095,30.75455145619,30.75455145619,0,0,5.80942303343713,2.00324932187487,0,0,11.4784570506883,7.68646677501446,0,0,6.50739570216931,1.67932792314047,8.56707072388861,2.6119118060636,3.53211876930319,1.81651822421307,8.78701675760168,5.66274413267664,3.24608639939987,0.912961799831214,9.16834737776567,3.28130327204245,2.14734652190471,0.683246620606042,16.9286713382882,10.8343496565044,0,0,3.4146384407037,1.70731922035185,8.87535230173257,6.83504142777106,0,0,3.48232257658792,2.28838340747206,0,0,0,0,2.51876790056733,0.944537962712748,10.1368506454443,1.81698266286265,33.174354213088,-5.424754997302,0,0,46.2346377201175,-10.3454369157225,0,0,0,0,0,0,0,0,0,0,0,0,0,0,0,0,0,0,21.6971907211416,44.6999841292893,0,0,0,0,0,0,0,0,0,0,0,0,0,0,0,0,22.5371914112243,27.9906021255901,22.2680214269304,17.6197942336722,0,0,0,0,0,0,44.9803047875187,32.8194528601567,0,0,0,0,0,0,580.08248247904
0,0,21.883672193751,12.8074947862045,2.40569129778494,1.20284564889247,7.74979330559384,1.6315354327566,0,0,0,0,23.9800408024224,11.4641423134388,29.7532090761289,29.7532090761289,0,0,5.84733605794315,2.01632277860109,0,0,10.9492975796514,7.33211891494511,0,0,6.32119792184404,1.63127688305653,8.33312764145034,2.54058769556413,3.34803357027987,1.72184583614393,9.17017354229697,5.90966739392472,3.34542927956387,0.940901984877338,9.18565199764182,3.28749650441918,2.16424768923812,0.688624264757584,18.2834100281313,11.701382418004,0,0,3.25496364867708,1.62748182433854,8.70424448340279,6.70326874009181,0,0,3.61700293457422,2.3768876427202,0,0,0,0,2.37273996237974,0.889777485892401,10.654281789072,1.90972975464499,43.068518943895,3.37250919908905,0,0,56.9043390729551,-6.99512918128398,0,0,0,0,0,0,0,0,0,0,0,0,0,0,0,0,0,0,16.3811804653059,39.385473888354,0,0,0,0,0,0,0,0,0,0,0,0,0,0,0,0,22.8375672837109,34.2662636482147,16.3696304666326,7.15046724475893,0,0,0,0,0,0,38.3945342823481,28.2375647786205,0,0,0,0,0,0,583.655812468862
0,0,21.5382440702482,12.6053317830485,2.50244671865027,1.25122335932514,7.35213969955707,1.54781888411728,0,0,0,0,23.45240918293,11.2118973725411,29.1057479562775,29.1057479562775,0,0,5.79273591994199,1.99749514480758,0,0,10.7969373328853,7.23009196398571,0,0,6.2206505442634,1.60532917271313,8.06131846388694,2.45771904386797,3.57095875257318,1.83649307275192,8.95571392180347,5.77146008294001,3.12820074710965,0.87980646012459,9.69635717561972,3.47027519969548,2.24012072049039,0.712765683792398,17.0577543410169,10.9169627782508,0,0,3.0559413389191,1.52797066945955,8.86963099216615,6.83063536178313,0,0,3.49873929521901,2.29917153685821,0,0,0,0,2.43908348690024,0.914656307587588,10.9937952184137,1.97058593537603,43.3042657764636,5.8884822110502,0,0,57.1481498676046,2.76792759036963,0,0,0,0,0,0,0,0,0,0,0,0,0,0,0,0,0,0,16.3224563737525,31.9676019074437,0,0,0,0,0,0,0,0,0,0,0,0,0,0,0,0,22.7706197077602,30.0694823555145,16.1157612308324,6.37547197352251,0,0,0,0,0,0,35.0615762352335,22.9563301456754,0,0,0,0,0,0,571.124129377227
0,0,21.4525982505357,12.5552072710508,2.2999137786599,1.14995688932995,7.44347459366757,1.56704728287738,0,0,0,0,21.6809472070696,10.3650142349587,29.2953825708635,29.2953825708635,0,0,5.91953403016087,2.04121863108995,0,0,11.2182078870941,7.51219278153622,0,0,6.03196560279149,1.55663628459135,8.56950741267872,2.61265469898742,3.69424829888714,1.89989912514196,9.24164917489906,5.95572946826828,3.32875206711433,0.936211518875906,9.48133970911886,3.3933215801057,2.21324496422585,0.704214306799134,17.495169566544,11.1969085225882,0,0,3.15225965336463,1.57612982668231,8.50281223599922,6.54814275645917,0,0,3.62745890364314,2.38375870810835,0,0,0,0,2.4762297530077,0.928586157377888,10.0962553948489,1.80970615568046,42.8278903230379,4.06646698581694,0,0,56.6197915801484,-2.98493980429051,0,0,0,0,0,0,0,0,0,0,0,0,0,0,0,0,0,0,16.0514922602088,36.2050217750778,0,0,0,0,0,0,0,0,0,0,0,0,0,0,0,0,22.686354158193,33.2028142236837,15.9905735044943,7.08145523961563,0,0,0,0,0,0,35.4433365811923,23.4682361717142,0,0,0,0,0,0,567.00748580037
0,0,21.6313758961353,12.6598375060331,2.56555807590036,1.28277903795018,7.44644803983954,1.56767327154517,0,0,0,0,23.6132503602536,11.288790742402,30.1447057085827,30.1447057085827,0,0,5.90216673607318,2.03522990899075,0,0,11.3083884860295,7.57258157546619,0,0,6.55388460594833,1.69132505959957,8.45345998883377,2.57727438683957,3.57365139517132,1.83787786037382,8.59043600947007,5.53605876165849,3.27819049180182,0.921991075819261,9.39831850528258,3.3636087282064,2.24341651656253,0.713814346178985,16.9812616917743,10.8680074827355,0,0,3.37535419115052,1.68767709557526,9.29939397401205,7.16160225584836,0,0,3.66844805352819,2.41069443517567,0,0,0,0,2.43687240673159,0.913827152524346,11.0468641923803,1.9800982986342,42.4390311524339,1.36741111799407,0,0,56.2146750015046,-13.611618189668,0,0,0,0,0,0,0,0,0,0,0,0,0,0,0,0,0,0,16.1499233772483,44.5826793219604,0,0,0,0,0,0,0,0,0,0,0,0,0,0,0,0,22.7163371419492,34.6907008706682,16.3547533946777,7.61315267838451,0,0,0,0,0,0,40.4697011663186,33.6939637968131,0,0,0,0,0,0,585.45230910173
0,0,21.1170147421221,12.358805862901,2.44461975025674,1.22230987512837,7.96256495046131,1.67632946325501,0,0,0,0,22.6001970670322,10.804480176783,30.7693896711311,30.7693896711311,0,0,5.83809560805362,2.01313641657021,0,0,11.0005933429893,7.36646875646605,0,0,6.14616751019242,1.58610774456578,8.33830004127275,2.5421646467295,3.47197933225861,1.78558937087586,8.96262675048993,5.7759150169824,3.12848380068386,0.879886068942337,9.4058783600708,3.36631436044639,2.19649547867269,0.698884925032219,16.7502020060969,10.720129283902,0,0,3.26811133371139,1.6340556668557,8.83812284394601,6.80637046602739,0,0,3.46933760654732,2.27985042715967,0,0,0,0,2.40223694168282,0.900838853131056,9.94620429668862,1.78281020412343,33.8606467195386,-2.94562773354404,0,0,46.8825134415575,-12.4553350327194,0,0,0,0,0,0,0,0,0,0,0,0,0,0,0,0,0,0,20.3898314864011,44.6999824062936,0,0,0,0,0,0,0,0,0,0,0,0,0,0,0,0,22.5931476593104,28.0695440620087,22.1052635885752,17.6765054416226,0,0,0,0,0,0,45.01681526532,32.2556911334444,0,0,0,0,0,0,578.958085176731
0,0,21.5708837165446,12.6244342488533,2.3869349679419,1.19346748397095,7.64979883996745,1.61048396630894,0,0,0,0,23.3986980024221,11.1862196590527,31.1512352185886,31.1512352185886,0,0,6.0598689010733,2.08960996588735,0,0,10.9194652284319,7.31214189403924,0,0,6.24700346115803,1.61212992546014,8.76951641964351,2.67363305476936,3.41182563415017,1.75465318327723,9.3176412383929,6.00470213140876,3.12598022721496,0.879181938904207,9.88183001717581,3.53665495351555,2.19066899190215,0.697031042877957,17.1217455992124,10.9579171834959,0,0,3.13639138792177,1.56819569396088,8.50180110923579,6.54736407262986,0,0,3.6116177636652,2.37334881612284,0,0,0,0,2.44104161913526,0.915390607175722,10.7980131532084,1.93549292368831,23.445034318823,-19.999568619012,0,0,36.7298580514589,9.94031497894278,0,0,0,0,0,0,0,0,0,0,0,0,0,0,0,0,0,0,38.7952539000976,44.6999945103858,0,0,0,0,0,0,0,0,0,0,0,0,0,0,0,0,21.3206770409725,26.0034057593204,25.0139535890142,16.4062091250727,0,0,0,0,0,0,49.3334292356799,33.3658271948465,0,0,0,0,0,0,620.829330613455
0,0,21.4597312720502,12.5593818965455,2.32417632128763,1.16208816064381,7.49011930887757,1.57686722292159,0,0,0,0,22.8434062028818,10.9207512110268,30.4551691246068,30.4551691246068,0,0,5.83273239139036,2.01128703151392,0,0,11.6479413221494,7.79996070679645,0,0,6.46045224941059,1.66721348371886,8.24263471679645,2.51299838926721,3.35820687513482,1.72707782149791,9.06704461906866,5.84320653228869,3.30576005757523,0.929745016193033,9.88287571908947,3.53702920472676,2.13300550367097,0.678683569349855,16.9636559556496,10.8567398116157,0,0,3.18778650205976,1.59389325102988,9.1588545757009,7.05337076519495,0,0,3.45956122593396,2.27342594847089,0,0,0,0,2.34549740757826,0.879561527841847,11.0841543044701,1.98678237532954,39.6285516187001,-0.120868656459586,0,0,53.0812894124442,-16.2205864668867,0,0,0,0,0,0,0,0,0,0,0,0,0,0,0,0,0,0,16.3870974808768,44.699852472073,0,0,0,0,0,0,0,0,0,0,0,0,0,0,0,0,22.5441422756649,29.8208165850539,19.0179954801905,17.735222545371,0,0,0,0,0,0,42.9979816563548,33.0475559647415,0,0,0,0,0,0,584.308708048226
0,0,22.1875090608975,12.9853163628294,2.28923155306406,1.14461577653203,7.66037184223927,1.61270986152406,0,0,0,0,22.322438375185,10.671692030242,31.0251179172531,31.0251179172531,0,0,5.65190769912147,1.94893368935223,0,0,10.8222916832091,7.24707032357751,0,0,6.25028886190706,1.61297777081472,8.25116318056145,2.51559853065898,3.44746406477275,1.77298151902598,8.90534712121971,5.73900147811937,3.22119017684927,0.905959737238857,9.50839065961662,3.40300297291542,2.28387769363854,0.726688357066808,16.8572696926692,10.7886526033083,0,0,3.18352400317921,1.59176200158961,8.65573338521453,6.66590961849855,0,0,3.52650365531195,2.31741668777643,0,0,0,0,2.31169153566553,0.866884325874575,10.7897072270015,1.93400412559461,27.5701030980108,-11.7882097807884,0,0,40.5521673899753,-1.22243223419804,0,0,0,0,0,0,0,0,0,0,0,0,0,0,0,0,0,0,29.9163760242676,44.6999676768182,0,0,0,0,0,0,0,0,0,0,0,0,0,0,0,0,22.1706377975226,26.8198499681205,23.7637609771659,16.5854392261178,0,0,0,0,0,0,47.9745503855296,33.0876041070427,0,0,0,0,0,0,595.624128729687
0,0,21.0973912835507,12.347321165949,2.34182836075327,1.17091418037663,7.26859050944406,1.53022958093559,0,0,0,0,22.4941614230663,10.7537876978694,29.3869283365046,29.3869283365046,0,0,5.59404983236907,1.92898270081692,0,0,10.6712898816829,7.14595304576981,0,0,6.03252164808414,1.55677978015075,8.23244512915565,2.50989180766941,3.64589949615929,1.87503402659621,9.16302246125231,5.90505891947371,3.21674521175394,0.904709590805795,9.36368257053837,3.35121270945584,2.18842456850637,0.696316908161118,17.6169733612126,11.2748629511761,0,0,3.25040634823746,1.62520317411873,8.82022000431664,6.79258322171511,0,0,3.50084703646729,2.30055662396422,0,0,0,0,2.60336902515193,0.976263384431973,10.2415839726335,1.8357556177362,42.6109258516306,3.5610544597982,0,0,56.3724991185901,-4.56711171021819,0,0,0,0,0,0,0,0,0,0,0,0,0,0,0,0,0,0,15.8906011705391,36.5576386876687,0,0,0,0,0,0,0,0,0,0,0,0,0,0,0,0,22.6404741229566,33.6853069559465,15.8918688755751,7.11538746001913,0,0,0,0,0,0,35.7544802138467,25.020694551686,0,0,0,0,0,0,565.315238994807
0,0,21.3453690885657,12.4924510334002,2.41712501837536,1.20856250918768,7.35108770129076,1.54759741079806,0,0,0,0,23.5374616557398,11.2525584231387,30.8049673098891,30.8049673098891,0,0,5.7348032131258,1.97751834935372,0,0,11.1078060096225,7.43826295287221,0,0,6.53936858446693,1.68757898953985,8.23140130486205,2.5095735685555,3.64316818176979,1.87362935062446,9.01834523977919,5.8118224878577,3.23636084011802,0.910226486283192,9.01255570594947,3.2255462526556,2.28973200155417,0.728551091403598,16.8330409203234,10.773146189007,0,0,3.25927529521399,1.629637647607,8.78046702534185,6.7619688585966,0,0,3.46624680030794,2.27781932591665,0,0,0,0,2.33439897010124,0.875399613787966,10.9104472925791,1.95564621282077,33.3540494056453,-4.20410191067826,0,0,46.4154545920798,-10.2395756240624,0,0,0,0,0,0,0,0,0,0,0,0,0,0,0,0,0,0,21.8762717843224,44.6999724713825,0,0,0,0,0,0,0,0,0,0,0,0,0,0,0,0,22.579058742682,27.7076694623006,22.3444175098313,17.4096770021432,0,0,0,0,0,0,46.1242310048013,32.7889595618046,0,0,0,0,0,0,587.084139972491
0,0,21.1440022159254,12.374600375219,2.39287217542201,1.19643608771101,7.54352849828415,1.58811126279666,0,0,0,0,24.0286120993134,11.4873628018647,30.0008506696726,30.0008506696726,0,0,5.97561862864131,2.06055814780735,0,0,11.6038042806042,7.77040465219032,0,0,6.41889551385531,1.65648916486589,8.10063748408163,2.46970655002489,3.63675123044525,1.87032920422899,9.40004670057072,6.05780787370113,3.26129391365164,0.917238913214523,9.67981099970994,3.46435341042251,2.1529757077005,0.685037725177432,16.9678813326619,10.8594440529036,0,0,3.15352390583008,1.57676195291504,8.81691330865477,6.79003668597551,0,0,3.67647991357593,2.41597251463561,0,0,0,0,2.33054258537538,0.873953469515767,10.8904612813485,1.95206381458134,42.6774524364906,2.0306327535762,0,0,56.4848881296245,-10.8843110353101,0,0,0,0,0,0,0,0,0,0,0,0,0,0,0,0,0,0,16.2159721163812,42.3799519365586,0,0,0,0,0,0,0,0,0,0,0,0,0,0,0,0,22.7575728474902,34.8043173481597,16.2553644585889,7.09187572520142,0,0,0,0,0,0,39.558749590395,31.6965387042603,0,0,0,0,0,0,583.803054337249
0,0,21.6954490365844,12.6973365329319,2.4481528743116,1.2240764371558,7.88137788044874,1.65923744851552,0,0,0,0,22.5001207782477,10.7566366878465,28.8349346835272,28.8349346835272,0,0,5.58435095965261,1.92563826194917,0,0,10.9486632283605,7.33169412613429,0,0,6.24857049429384,1.61253432110809,8.39896542309732,2.5606601899687,3.48576155277769,1.79267736999995,8.73502494264334,5.62923829637015,3.21284316180999,0.903612139259061,9.47019195232528,3.38933185662168,2.08971304039341,0.664908694670629,17.5418273091627,11.2267694778641,0,0,3.24769578369689,1.62384789184845,8.46644933233171,6.52013914099109,0,0,3.56819290890714,2.34481248299612,0,0,0,0,2.55569601968532,0.958386007381995,10.1166917016489,1.81336926727669,43.3841888471015,6.96402958113573,0,0,57.2313822702227,6.65873974828891,0,0,0,0,0,0,0,0,0,0,0,0,0,0,0,0,0,0,16.3185113524899,29.903194953359,0,0,0,0,0,0,0,0,0,0,0,0,0,0,0,0,22.7452133171189,28.9788218534453,16.0638208626572,6.45674537160724,0,0,0,0,0,0,33.5477519700748,19.1647472859898,0,0,0,0,0,0,565.638318163051
0,0,22.6049656272919,13.229634261134,2.37482952648048,1.18741476324024,7.49780147447006,1.57848452094106,0,0,0,0,22.2895530555271,10.6559705397037,30.6681714114612,30.6681714114612,0,0,5.81584966621254,2.00546540214225,0,0,11.2907447884732,7.56076659942402,0,0,6.29399648700869,1.62425715793773,8.24074498157107,2.51242225047898,3.47940069020934,1.78940606925052,8.58434825879718,5.53213554455818,3.3120147949364,0.931504161075863,9.45783576814473,3.38490964333601,2.15812936731531,0.686677525963961,17.2901820756246,11.0657165283997,0,0,3.26996945809196,1.63498472904598,8.87432755967946,6.83425225860372,0,0,3.39744800803969,2.23260869099751,0,0,0,0,2.26221597867704,0.848330992003888,10.3521059919072,1.85556616836072,36.3733099958013,-0.82517676354124,0,0,49.5248307342986,-14.2576999080978,0,0,0,0,0,0,0,0,0,0,0,0,0,0,0,0,0,0,18.3001310327016,44.6999676988874,0,0,0,0,0,0,0,0,0,0,0,0,0,0,0,0,22.5438999739669,27.6385519102609,21.3166855950833,18.8176774504496,0,0,0,0,0,0,44.3248577279692,32.2931682122823,0,0,0,0,0,0,582.130120754656
0,0,21.2475546749397,12.4352048097574,2.41891836532131,1.20945918266065,7.45000391362259,1.56842187655212,0,0,0,0,23.4578425316124,11.2144948944989,30.3610049695967,30.3610049695967,0,0,5.80441796541379,2.00152343634958,0,0,11.2682365822517,7.54569413990072,0,0,6.35512662129533,1.64003267646331,8.03364157384919,2.44928096763695,3.50793918236521,1.80408300807354,8.56284337107828,5.51827683913934,3.17335424893934,0.892505882514189,9.75551760841093,3.49144840722075,2.20307079277472,0.700977070428319,17.2823945387371,11.0607325047918,0,0,3.19945554685769,1.59972777342885,9.13508120004072,7.03506253336469,0,0,3.58378581554604,2.35505925021597,0,0,0,0,2.46930043360517,0.925987662601939,10.5827063374786,1.89690019256691,40.4390588451691,0.0321487122825253,0,0,53.9813686892661,-15.4552106162073,0,0,0,0,0,0,0,0,0,0,0,0,0,0,0,0,0,0,16.1320511060286,44.6999370304856,0,0,0,0,0,0,0,0,0,0,0,0,0,0,0,0,22.4991183668017,30.8575726193461,17.9242337930658,14.9497619235298,0,0,0,0,0,0,41.758447113839,33.3045311338073,0,0,0,0,0,0,580.148782118496
0,0,22.8996520440513,13.4021005050439,2.33665133108574,1.16832566554287,7.99536374425277,1.68323447247427,0,0,0,0,23.1022936963068,11.0445176004274,31.0445161415429,31.0445161415429,0,0,5.907504873178,2.03707064592345,0,0,11.2400183810804,7.52679802304492,0,0,6.50326181803115,1.67826111433062,8.21866620192086,2.50569091521978,3.5321264781153,1.81652218874501,8.8788491288277,5.7219249941334,3.04851021999484,0.857393499373548,9.73568267264707,3.48434958810527,2.08761450851123,0.664240979980846,17.1626162788321,10.9840744184525,0,0,3.16844971568081,1.58422485784041,8.34365757200619,6.425575371545,0,0,3.66924363155383,2.41121724359252,0,0,0,0,2.34487654092802,0.879328702848009,10.1950388119701,1.82741261723992,27.0386863431578,-14.2270744552218,0,0,40.1988519680581,3.91178914452556,0,0,0,0,0,0,0,0,0,0,0,0,0,0,0,0,0,0,33.1123516166432,44.6999736551116,0,0,0,0,0,0,0,0,0,0,0,0,0,0,0,0,21.9129011805587,26.0393606300988,24.189340160702,16.4889317079282,0,0,0,0,0,0,47.794910840042,32.7584966560709,0,0,0,0,0,0,607.578957066122
0,0,21.937463862332,12.8389765461575,2.36237019579095,1.18118509789547,7.45419941967237,1.56930514098366,0,0,0,0,22.2185236612248,10.6220135047083,30.5228522476325,30.5228522476325,0,0,5.7341547010638,1.97729472450476,0,0,10.9273458934526,7.31741912507985,0,0,6.27751212377003,1.62000312871485,8.41490634866734,2.56552022825224,3.51955512329534,1.81005692055189,8.39322136224518,5.40896487789134,3.32081736213513,0.933979883100504,9.65209731233377,3.45443482757209,2.16912005347654,0.690174562469808,17.9151552287711,11.4656993464135,0,0,3.25131805055962,1.62565902527981,8.91411377117794,6.86489221458531,0,0,3.53990266688705,2.32622175252578,0,0,0,0,2.51585274235633,0.943444778383624,10.4788068690054,1.87827670293492,38.4001044945267,-0.231077853549373,0,0,51.704254820672,-16.5474304654199,0,0,0,0,0,0,0,0,0,0,0,0,0,0,0,0,0,0,16.5784207077737,44.6998775681594,0,0,0,0,0,0,0,0,0,0,0,0,0,0,0,0,22.4173115391017,27.0338071523887,20.168134300031,20.9062236369311,0,0,0,0,0,0,43.218120287957,32.688684825593,0,0,0,0,0,0,580.699091623017
0,0,21.5663252255825,12.6217663762625,2.39824183190119,1.19912091595059,7.65732367214591,1.6120681415044,0,0,0,0,21.8417022001705,10.4418664027131,29.1776136867458,29.1776136867458,0,0,5.99541961609254,2.06738607451467,0,0,11.4701012585598,7.68087137849984,0,0,6.35415223501024,1.63978122193813,8.5434182560685,2.60470068782576,3.41717782471432,1.75740573842451,9.15362327424605,5.89900166562523,3.18615027794768,0.896104765672786,9.90489100079965,3.54490835818093,2.25942162303777,0.718906880057473,17.7892581836288,11.3851252375224,0,0,3.1341272401441,1.56706362007205,8.75783272740167,6.74453784753922,0,0,3.65794626884043,2.40379326238085,0,0,0,0,2.30996530003308,0.866236987512407,10.7159796674483,1.9207888083162,43.3372718199963,5.03147955062995,0,0,57.206042281841,0.213477113770743,0,0,0,0,0,0,0,0,0,0,0,0,0,0,0,0,0,0,16.4225691958926,34.4428804931917,0,0,0,0,0,0,0,0,0,0,0,0,0,0,0,0,22.8271426446841,32.0637321600684,16.2825437383421,6.92539605112875,0,0,0,0,0,0,35.6310330026868,22.5236230496315,0,0,0,0,0,0,574.886307101739
0,0,21.1423549968215,12.3736363345453,2.410751645031,1.2053758225155,7.80674216031549,1.64352466532958,0,0,0,0,23.0592224208488,11.0239265082128,30.0361725066517,30.0361725066517,0,0,5.83018058879529,2.01040709958458,0,0,11.6299471811001,7.78791105877239,0,0,6.34869525126415,1.63837296806817,8.05631909830154,2.45619484704315,3.49677164602727,1.79833970367117,8.4300262930857,5.43268361109967,3.11237250543651,0.87535476715402,9.82324239435472,3.5156867516638,2.28495417311983,0.7270308732654,17.0946121174722,10.9405517551822,0,0,3.31544963803878,1.65772481901939,8.5228847448727,6.56360089547668,0,0,3.61769095739048,2.37733977199946,0,0,0,0,2.3823580508165,0.893384269056189,10.8994695277008,1.95367850024825,42.2484455258007,1.47804322241039,0,0,55.994442623521,-12.377338650512,0,0,0,0,0,0,0,0,0,0,0,0,0,0,0,0,0,0,15.8943790542378,42.8464387126469,0,0,0,0,0,0,0,0,0,0,0,0,0,0,0,0,22.6174510572837,34.4858346691877,15.985953786059,7.02018203346497,0,0,0,0,0,0,39.3036820431138,32.7763755531179,0,0,0,0,0,0,576.61014168105
0,0,20.2213464799619,11.8346129168441,2.49586891311262,1.24793445655631,7.13118736652709,1.50130260347939,0,0,0,0,24.0971954657812,11.5201504639042,29.565471241025,29.565471241025,0,0,5.53082713795303,1.90718177170794,0,0,11.6003269967976,7.76807611392694,0,0,6.17560329902945,1.59370407716889,8.43982326420858,2.57311684884408,3.59394293330274,1.8483135085557,9.05340049172775,5.83441365022455,3.17171671524964,0.892045326163962,9.49927975939856,3.39974222967949,2.19164870083812,0.697342768448494,17.9262635344204,11.472808662029,0,0,3.250571514457,1.6252857572285,8.69454821221758,6.69580149676526,0,0,3.43948564438635,2.26023342345389,0,0,0,0,2.41525068110229,0.905719005413359,10.7097176581079,1.91966637267972,42.849446225701,2.98453487895634,0,0,56.6770585219649,-6.14512611768057,0,0,0,0,0,0,0,0,0,0,0,0,0,0,0,0,0,0,16.1892185063292,38.6579800614728,0,0,0,0,0,0,0,0,0,0,0,0,0,0,0,0,22.760563104627,34.5482122492094,16.1731620174233,7.12402359893716,0,0,0,0,0,0,37.1078668765837,26.4634778928819,0,0,0,0,0,0,575.221953923212
0,0,22.3947762078969,13.1066201769719,2.39549809585536,1.19774904792768,7.79260876348088,1.6405492133644,0,0,0,0,21.6558432655516,10.353012789233,29.408354590013,29.408354590013,0,0,5.88366542801331,2.0288501475908,0,0,11.228291946442,7.51894549984956,0,0,6.10186715303488,1.57467539433158,8.04109952899369,2.4515547344493,3.49512490728447,1.79749280946058,8.71661421228563,5.61737360347296,3.17530962223608,0.893055831253899,9.63130983447721,3.446995098655,2.27450240720877,0.723705311384608,17.6514691052451,11.2969402273568,0,0,3.25014314873869,1.62507157436935,8.85219179411706,6.81720517477981,0,0,3.4447397427906,2.26368611669096,0,0,0,0,2.43921566991751,0.914705876219065,10.6660031069931,1.9118307455931,42.9265344579644,3.97173371642384,0,0,56.7217005018407,-4.38851640033683,0,0,0,0,0,0,0,0,0,0,0,0,0,0,0,0,0,0,16.1451733942774,36.8783901855712,0,0,0,0,0,0,0,0,0,0,0,0,0,0,0,0,22.7359401864487,33.6464035550797,16.1046701708169,7.14334284500286,0,0,0,0,0,0,36.3048234460913,24.8645262238968,0,0,0,0,0,0,572.050403928585
0,0,21.1453648128523,12.3753978397799,2.38789231104617,1.19394615552309,7.19527137908176,1.51479397454353,0,0,0,0,22.216699726015,10.6211415356826,30.0964401696214,30.0964401696214,0,0,5.90460508841319,2.03607072014248,0,0,11.1603376907329,7.47344041790148,0,0,6.39757869799537,1.65098805109558,7.97706076108962,2.4320307198444,3.60074575715913,1.85181210368184,8.94890249949706,5.76707049967588,3.20369544342461,0.901039343463171,9.13886740126758,3.27075254361155,2.17763526503121,0.692883947964475,18.1155387588576,11.5939448056688,0,0,3.18449607973724,1.59224803986862,8.74428466019338,6.73410427853973,0,0,3.43474658466424,2.25711918420793,0,0,0,0,2.50531357948379,0.93949259230642,10.758548369218,1.92841904731265,41.9044756905582,1.39596180905796,0,0,55.5988811220282,-12.6735253954112,0,0,0,0,0,0,0,0,0,0,0,0,0,0,0,0,0,0,15.652183403764,43.9895409298195,0,0,0,0,0,0,0,0,0,0,0,0,0,0,0,0,22.4799973473247,32.7473256586018,15.7906250985186,7.06424503985327,0,0,0,0,0,0,39.6335090308795,34.1115776112646,0,0,0,0,0,0,572.984002014002
0,0,21.3828076588843,12.5143620860752,2.3933793496045,1.19668967480225,7.48532223373708,1.5758573123657,0,0,0,0,21.7535198035897,10.3997090289091,29.4678935379339,29.4678935379339,0,0,5.76981158659555,1.98959020227433,0,0,10.9442162316084,7.32871622652351,0,0,6.11156922991548,1.57717915610722,7.83258902038485,2.38798445743441,3.65045754982938,1.87737816848368,8.76197397595288,5.64660545116963,3.21758251390993,0.904945082037167,9.40442265971615,3.36579337295104,2.19538176624042,0.698530561985589,17.9607048552023,11.4948511073295,0,0,3.26109045042271,1.63054522521135,8.91187217762636,6.86316592989616,0,0,3.63422860197679,2.38820736701332,0,0,0,0,2.34916478303322,0.880936793637458,10.8343970071429,1.9420145578841,42.5721868337148,3.08673968493823,0,0,56.3338109860662,-6.29167248108621,0,0,0,0,0,0,0,0,0,0,0,0,0,0,0,0,0,0,15.8950118868104,37.6105360148349,0,0,0,0,0,0,0,0,0,0,0,0,0,0,0,0,22.6551586763574,34.3230522456373,15.9216488813084,7.13429354973618,0,0,0,0,0,0,36.4190820514719,26.3379541678273,0,0,0,0,0,0,567.773768138616
0,0,21.4302106464601,12.5421048483891,2.45376486031742,1.22688243015871,7.47525724740429,1.57373836787459,0,0,0,0,24.6121069843286,11.7663143039115,30.5918674404792,30.5918674404792,0,0,5.7512436123712,1.98318745254179,0,0,10.9513760856069,7.33351077161178,0,0,6.45603400214526,1.6660732908762,8.25872643285096,2.51790440025944,3.52583940493631,1.81328883682439,8.78984807844396,5.66456876166388,3.30503149503026,0.92954010797726,9.71456706799466,3.47679242433493,2.08818956230245,0.664423951641688,17.8645358366109,11.433302935431,0,0,3.12562799262948,1.56281399631474,8.65998530047593,6.66918408197572,0,0,3.44870742141807,2.26629344836045,0,0,0,0,2.42823145244178,0.910586794665666,10.5535997635695,1.89168297648888,38.2279991160171,0.127443036659258,0,0,51.5583159307442,-14.2068878926041,0,0,0,0,0,0,0,0,0,0,0,0,0,0,0,0,0,0,17.4205074966011,44.6999325682855,0,0,0,0,0,0,0,0,0,0,0,0,0,0,0,0,22.5118132984959,26.5521538282092,20.7106202121836,19.7717498753494,0,0,0,0,0,0,44.0522071382249,32.3321338308923,0,0,0,0,0,0,588.673602035178
0,0,22.1081894377568,12.9388942792402,2.41769353383567,1.20884676691783,7.18603758793775,1.51285001851321,0,0,0,0,22.6344741531545,10.8208670293589,28.2800368975182,28.2800368975182,0,0,5.67910420114412,1.95831179349797,0,0,10.8455138731041,7.26262089716792,0,0,6.4052779631067,1.65297495822108,8.21389515234216,2.50423632693359,3.45827848891558,1.77854322287087,9.38343083545026,6.04709987173461,3.27696903936369,0.921647542321039,9.74466311551906,3.48756364134367,2.11377210735432,0.672563852340009,17.425745924061,11.152477391399,0,0,3.29557849616626,1.64778924808313,8.30728991097507,6.39756809236011,0,0,3.50040808331568,2.30026816903602,0,0,0,0,2.40932091940831,0.903495344778118,10.2786289550969,1.84239575610228,44.0113586684319,8.17802695000252,0,0,57.9466045694308,16.6428425474103,0,0,0,0,0,0,0,0,0,0,0,0,0,0,0,0,0,0,16.6424347408409,23.0738491388242,0,0,0,0,0,0,0,0,0,0,0,0,0,0,0,0,22.8663907796149,27.9217073723268,16.2836381698205,6.9507510792011,0,0,0,0,0,0,31.427392076061,13.5675124828889,0,0,0,0,0,0,565.184496270134
0,0,22.2807526494833,13.0398874953197,2.39730254746428,1.19865127373214,7.7902882011861,1.64006067393391,0,0,0,0,22.8339060963655,10.9162094934379,29.5143600947791,29.5143600947791,0,0,5.8409823479155,2.01413184410879,0,0,11.5702143429949,7.74791139039837,0,0,6.59504289512898,1.70194655358167,8.23561419563769,2.51085798647491,3.40599883014072,1.75165654121523,9.18334081578668,5.91815297017364,3.26223583589643,0.91750382884587,9.327580286404,3.33829189197617,2.27130908580241,0.722689254573493,18.573389514844,11.8869692895002,0,0,3.35379619870564,1.67689809935282,8.38794890090754,6.45968478575638,0,0,3.42332063884793,2.24961070552864,0,0,0,0,2.34897589406405,0.880865960274019,10.5281774239269,1.88712614202463,43.3509397913714,4.1593061454057,0,0,57.2197471867657,-4.17123168826701,0,0,0,0,0,0,0,0,0,0,0,0,0,0,0,0,0,0,16.5363572553726,37.6751225019032,0,0,0,0,0,0,0,0,0,0,0,0,0,0,0,0,22.9014090045592,34.3432723062193,16.4466509085632,7.10955508404425,0,0,0,0,0,0,37.1851589925344,24.8445086343931,0,0,0,0,0,0,582.331720675073
0,0,20.4420351005461,11.9637716947897,2.45484220531505,1.22742110265753,7.88788886545692,1.66060818220146,0,0,0,0,22.6395526073713,10.8232948868573,30.7284787682948,30.7284787682948,0,0,5.86773798160808,2.02335792469244,0,0,12.0179229412289,8.04771625528722,0,0,6.10389619073456,1.57519901696376,7.75766070146636,2.36514045776413,3.51925324714762,1.80990166996163,9.01721212165422,5.81109225617717,3.30364230765668,0.929149399028441,9.73673291530449,3.48472546442477,2.1359330978706,0.679615076595192,18.2595167290572,11.6860907065966,0,0,3.29135965923669,1.64567982961834,9.14485015636951,7.0425857526064,0,0,3.60069089357694,2.36616830149342,0,0,0,0,2.49404927158927,0.935268476845975,10.578441773966,1.89613578967315,31.9963932260938,-10.8374905949572,0,0,45.2610617911402,-1.96318521366138,0,0,0,0,0,0,0,0,0,0,0,0,0,0,0,0,0,0,25.7227750909219,44.6999801981692,0,0,0,0,0,0,0,0,0,0,0,0,0,0,0,0,22.0693768403384,25.7995540551796,23.4303610894699,18.3384888140589,0,0,0,0,0,0,45.3661804859024,32.922815227048,0,0,0,0,0,0,594.365400119487
0,0,21.6933335293057,12.6960984249853,2.52470362074913,1.26235181037457,7.4910376164561,1.57706055083286,0,0,0,0,23.1335041462761,11.0594383857197,28.5992568795321,28.5992568795321,0,0,5.49476844381557,1.89474773924675,0,0,11.1773446753109,7.4848290236457,0,0,6.29028235723059,1.6232986728337,8.30959436315435,2.53341291559584,3.44805537331415,1.77328562056156,9.41153193367065,6.06520946836553,3.19740420310225,0.899269932122508,9.81338586509615,3.51215915171862,2.21863105452189,0.705928062802418,16.7223144931815,10.7022812756362,0,0,3.16909551572161,1.5845477578608,8.73093502896538,6.7238235280538,0,0,3.64614763981754,2.39603987759438,0,0,0,0,2.3881398184343,0.895552431912862,10.7250776460559,1.92241957806663,43.7799848284081,8.11375454839351,0,0,57.6788237813664,10.4065406267819,0,0,0,0,0,0,0,0,0,0,0,0,0,0,0,0,0,0,16.5839348151101,28.29111198975,0,0,0,0,0,0,0,0,0,0,0,0,0,0,0,0,22.8332792454012,28.0700408778755,16.2678438759526,6.61232403710294,0,0,0,0,0,0,33.3207550070688,16.4479189527783,0,0,0,0,0,0,570.068869734847
0,0,22.3447177464627,13.0773232894044,2.50976052486616,1.25488026243308,6.90127383521021,1.4528997547811,0,0,0,0,22.3375172707686,10.678900800499,30.9568030762589,30.9568030762589,0,0,5.99868596688062,2.06851240237263,0,0,11.321459835548,7.58133471130447,0,0,6.0410565510611,1.5589823357577,8.1379547171234,2.48108375522055,3.34005058613105,1.71774030143883,8.99040682777303,5.79381773345373,3.12470699067299,0.878823841126778,9.54855885875571,3.41737895997573,2.1818812174288,0.694234932818253,17.0939984549364,10.9401590111593,0,0,3.15389489444849,1.57694744722425,9.21706413880645,7.0981988195406,0,0,3.55390028510024,2.33542018735159,0,0,0,0,2.32984533143652,0.873691999288696,10.182396140855,1.82514647807777,28.1464325061717,-12.277926906143,0,0,41.1853100675962,-0.353508705605232,0,0,0,0,0,0,0,0,0,0,0,0,0,0,0,0,0,0,29.6252446343034,44.6999844597698,0,0,0,0,0,0,0,0,0,0,0,0,0,0,0,0,22.2097007372245,26.9620826430989,24.0121776024806,17.0471775824398,0,0,0,0,0,0,46.8747628170334,32.7709733727001,0,0,0,0,0,0,594.870988498171
0,0,22.1583132644991,12.9682294220801,2.31522051198085,1.15761025599042,7.65277855846824,1.611111275467,0,0,0,0,22.863696506132,10.9304513998614,29.1432271996149,29.1432271996149,0,0,5.86241777396819,2.02152337033386,0,0,10.7779273665627,7.21736207582322,0,0,6.35985492842288,1.64125288475429,8.31477059551183,2.53499103521702,3.73738701051248,1.92208474826356,9.02796910865118,5.81802453668632,3.21637391548843,0.904605163731122,9.48171658590948,3.3934564623255,2.14792426526261,0.683430448038104,17.4087272260595,11.141585424678,0,0,3.23478174359758,1.61739087179879,8.90008525343103,6.85408864344688,0,0,3.57276449692105,2.34781666940526,0,0,0,0,2.46227876469658,0.923354536761219,10.2977121897208,1.84581633589335,43.3963321784478,5.84031131326184,0,0,57.2475749326302,1.93234203781963,0,0,0,0,0,0,0,0,0,0,0,0,0,0,0,0,0,0,16.4164135653046,32.9179809692487,0,0,0,0,0,0,0,0,0,0,0,0,0,0,0,0,22.8162179137317,31.126094917387,16.2484685350164,6.8093501814733,0,0,0,0,0,0,35.1877661139086,22.0456639867184,0,0,0,0,0,0,573.364775617145
0,0,21.7324466601575,12.71898952,2.39312871666157,1.19656435833078,7.83731364699722,1.64996076778889,0,0,0,0,23.1642061677146,11.0741161064951,28.9000275700373,28.9000275700373,0,0,5.81431769121541,2.00493713490187,0,0,11.2019249901026,7.50128905587227,0,0,6.47666542679666,1.67139752949591,7.72839634926719,2.35621839916683,3.46611337353914,1.78257259210584,8.93328623828161,5.75700668689259,3.18027981470996,0.894453697887177,9.38692412798853,3.35953074054326,2.30975452723322,0.734921895028751,17.761319708868,11.3672446136755,0,0,3.16669915132005,1.58334957566003,9.04022338679005,6.96201111396475,0,0,3.64237337502246,2.39355964644333,0,0,0,0,2.37516816279537,0.890688061048263,10.7681523593921,1.93014051724952,43.6977731363152,6.95121526552115,0,0,57.5948930354962,6.25234834131814,0,0,0,0,0,0,0,0,0,0,0,0,0,0,0,0,0,0,16.5857917338024,30.4478660951014,0,0,0,0,0,0,0,0,0,0,0,0,0,0,0,0,22.8718519475057,29.5907488232642,16.3175981354904,6.53053645989126,0,0,0,0,0,0,34.5522252085326,19.9804122441807,0,0,0,0,0,0,574.489449318922
0,0,20.7833950744814,12.1635537993509,2.37393920274784,1.18696960137392,7.57331758919709,1.59438265035728,0,0,0,0,22.6298630133325,10.8186625809353,31.1455206842744,31.1455206842744,0,0,5.63000943704931,1.94138256449976,0,0,11.6219314950806,7.7825434118843,0,0,6.33010096939309,1.63357444371435,8.04293277544536,2.45211365105042,3.54377443572725,1.82251256694544,8.60206213334081,5.54355115259741,3.23257135907842,0.909160694740804,9.69938444602087,3.47135864383905,2.22338822022015,0.707441706433684,17.8774394497674,11.4415612478512,0,0,3.06376691775592,1.53188345887796,9.04402396483372,6.96493799590643,0,0,3.53460428287186,2.32273995731579,0,0,0,0,2.39207179216035,0.897026922060132,10.4212616343098,1.86796199105553,22.1656196545519,-19.9991816813405,0,0,35.4529569532941,9.30141788083121,0,0,0,0,0,0,0,0,0,0,0,0,0,0,0,0,0,0,39.8609141773398,44.6999666383886,0,0,0,0,0,0,0,0,0,0,0,0,0,0,0,0,20.9257162946435,25.8305859312524,25.393618407157,16.8044011387418,0,0,0,0,0,0,48.858157317191,33.3054401802495,0,0,0,0,0,0,616.794131400711
0,0,21.8474681739108,12.7863062584639,2.24251213296247,1.12125606648123,7.23562681853105,1.52328985653285,0,0,0,0,23.5034063386912,11.2362775917427,30.1911479732697,30.1911479732697,0,0,5.9656995899568,2.05713778964028,0,0,11.2899417181635,7.56022882912732,0,0,6.04053751781712,1.55884839169474,8.45208352059582,2.57685473188897,3.49817880224923,1.79906338401389,9.22604019458898,5.94567034762401,3.30004604223111,0.9281379493775,9.85262195529033,3.52620154189338,2.32296741318609,0.739125995104664,17.4548919046645,11.1711308189853,0,0,3.21592022479744,1.60796011239872,8.6216438929931,6.6396567911556,0,0,3.56846687473829,2.34499251768516,0,0,0,0,2.36549574923551,0.887060905963316,10.5301618210589,1.88748183585018,42.0095828154569,1.554958304133,0,0,55.7214005217404,-12.7906732352927,0,0,0,0,0,0,0,0,0,0,0,0,0,0,0,0,0,0,16.1138373733201,44.6992790378279,0,0,0,0,0,0,0,0,0,0,0,0,0,0,0,0,22.6135593512825,32.4338986680575,16.6077852534917,9.21626412685743,0,0,0,0,0,0,40.4950743119296,33.0437012594642,0,0,0,0,0,0,582.574471097247
0,0,22.7582006164239,13.3193155681375,2.34805928183734,1.17402964091867,7.41154251660168,1.5603247403372,0,0,0,0,22.8635954585557,10.9304030920288,29.6253018776443,29.6253018776443,0,0,5.75622543428301,1.98490532216656,0,0,11.4834866749684,7.68983482698774,0,0,6.09491199006644,1.57288051356553,7.97667127155148,2.43191197303399,3.67865654164102,1.89188050712967,8.99083278005169,5.79409223603331,3.24353548646464,0.91224435556818,8.88964202733485,3.18155609399353,2.20798695102737,0.702541302599618,15.9483747854701,10.2069598627009,0,0,3.28610086008163,1.64305043004081,8.66403387256996,6.67230194784124,0,0,3.25063992002213,2.13613480458597,0,0,0,0,2.3263915775716,0.87239684158935,10.753824935839,1.92757239415981,42.5604648001332,3.42341970556536,0,0,56.2896215344687,-7.21173005816774,0,0,0,0,0,0,0,0,0,0,0,0,0,0,0,0,0,0,15.930258884947,38.7532042111021,0,0,0,0,0,0,0,0,0,0,0,0,0,0,0,0,22.6174623660591,33.5257033871733,15.8995046539395,6.98079865097768,0,0,0,0,0,0,36.7432835892058,27.3402465193133,0,0,0,0,0,0,568.722791017556
0,0,21.4782815175619,12.570238491845,2.54018216192555,1.27009108096277,7.38001679622512,1.55368774657371,0,0,0,0,23.5757618884723,11.2708686221205,30.6871041760282,30.6871041760282,0,0,5.93219166857457,2.04558333399123,0,0,11.486370767421,7.69176613889796,0,0,6.08104568108666,1.56930211124817,8.04560784670054,2.45292922155504,3.53737277466217,1.81922028411197,8.72956544614241,5.62571995418067,3.22646792905174,0.907444105045801,9.53226055710823,3.41154588359663,2.2478935455978,0.715238855417482,18.3059935334103,11.7158358613826,0,0,3.12516534905867,1.56258267452933,8.4667190119762,6.520346825315,0,0,3.3661141416551,2.21201786451621,0,0,0,0,2.56094292845719,0.960353598171445,10.6693725551185,1.91243470327596,35.4981313643592,-3.93249642712373,0,0,48.7533454381315,-8.93384305699631,0,0,0,0,0,0,0,0,0,0,0,0,0,0,0,0,0,0,20.660839095986,44.6998687694883,0,0,0,0,0,0,0,0,0,0,0,0,0,0,0,0,22.2248566187965,25.2688533766731,21.8643640318234,18.6786918648202,0,0,0,0,0,0,44.8973818710485,33.1543759654781,0,0,0,0,0,0,589.135568591631
0,0,21.6340654894874,12.6614115998382,2.46107304789619,1.2305365239481,7.59453051919601,1.59884853035706,0,0,0,0,22.550458501635,10.7807016520974,29.4022187419202,29.4022187419202,0,0,5.94069243855066,2.04851463398298,0,0,11.2297831496614,7.51994407343395,0,0,6.26667021084905,1.61720521570298,8.65537012156803,2.6388323541366,3.65752371992069,1.88101219881636,8.93807758502165,5.76009444368062,3.31844040418623,0.933311363677377,9.76672652988841,3.49546002122322,2.23113657457644,0.709907091910684,18.2258002830152,11.6645121811297,0,0,3.16258113729334,1.58129056864667,8.74976984680987,6.73832850271564,0,0,3.59924485297101,2.36521804623809,0,0,0,0,2.40637241518554,0.902389655694577,10.6300898867257,1.90539347026215,43.2827827181499,4.11090538823858,0,0,57.150707807975,-3.37003322975158,0,0,0,0,0,0,0,0,0,0,0,0,0,0,0,0,0,0,16.4529177696165,36.8811275843039,0,0,0,0,0,0,0,0,0,0,0,0,0,0,0,0,22.8675288216141,33.9456354817754,16.3863370620726,7.19723828041077,0,0,0,0,0,0,36.7805885507514,24.2591080610106,0,0,0,0,0,0,579.573510670805
0,0,22.8142525110824,13.3521201332141,2.26708970479375,1.13354485239687,7.58195130253369,1.59620027421762,0,0,0,0,23.226964247746,11.1041188728259,28.8410565722815,28.8410565722815,0,0,5.7012545654092,1.9659498501411,0,0,10.914272914364,7.30866489801162,0,0,6.57503030427647,1.69678201400683,8.5278969620178,2.59996858598104,3.56004022574253,1.83087783038187,8.9861284844408,5.79106057886185,3.26783578252902,0.919078813836288,9.84979136960995,3.52518849017619,2.23097639153042,0.70985612457786,17.4026824683371,11.1377167797357,0,0,3.32480343493857,1.66240171746929,8.89114954193157,6.84720711849902,0,0,3.64944336591212,2.39820564045654,0,0,0,0,2.40648796017414,0.902432985065303,10.2998620778656,1.84620169320232,44.0064781209159,7.89977180566063,0,0,57.9260312190377,8.09149110702375,0,0,0,0,0,0,0,0,0,0,0,0,0,0,0,0,0,0,16.8124853770637,29.7773697945548,0,0,0,0,0,0,0,0,0,0,0,0,0,0,0,0,22.9464043944488,29.0792358781256,16.5312818981535,6.72738730602762,0,0,0,0,0,0,34.4379133779925,18.3387187556707,0,0,0,0,0,0,578.43393161912
0,0,21.6539246586274,12.6730342472151,2.33474609648182,1.16737304824091,7.49800216963574,1.57852677255489,0,0,0,0,23.9804683058047,11.4643466900557,30.1067515880012,30.1067515880012,0,0,5.69317482132585,1.96316373149167,0,0,11.4254558785258,7.65097491865568,0,0,6.06232324793124,1.56447051559516,7.80307219912358,2.37898542656207,3.4723466761077,1.78577829056967,8.89645208730038,5.73326912292691,3.08841751034733,0.868617424785187,9.33927993321286,3.34247913399197,2.25710973686549,0.718171279911747,17.9119496793584,11.4636477947894,0,0,3.24411475961582,1.62205737980791,8.55269077575338,6.58655496523536,0,0,3.41652922380508,2.24514777564334,0,0,0,0,2.38144977056454,0.893043663961704,10.8031105815512,1.93640661367427,42.3166006351796,2.1748582278267,0,0,56.0529032752604,-11.1998182181595,0,0,0,0,0,0,0,0,0,0,0,0,0,0,0,0,0,0,15.932732990551,43.0064248898669,0,0,0,0,0,0,0,0,0,0,0,0,0,0,0,0,22.5988018779191,32.886687516232,15.9837680788757,6.9533825917235,0,0,0,0,0,0,39.8085864277789,33.3263266477135,0,0,0,0,0,0,579.118656556339
0,0,22.703088453127,13.2870609840881,2.41105081930262,1.20552540965131,7.57624956488829,1.59499990839753,0,0,0,0,21.7604375426784,10.4030161936489,30.5303829563631,30.5303829563631,0,0,5.8899320235271,2.03101104259555,0,0,11.450207368888,7.66754957738038,0,0,6.21610990757971,1.60415739550444,7.75499847661094,2.3643288038448,3.62347663092816,1.86350226733448,8.84117891759154,5.69764863578122,3.20942263256018,0.902650115407551,9.21160738986879,3.29678580268988,2.10253063061128,0.668987018830861,17.7769688775826,11.3772600816528,0,0,3.27561100820207,1.63780550410104,8.63652330339038,6.65111564743857,0,0,3.42996811937711,2.25397904987639,0,0,0,0,2.48238793914751,0.930895477180316,10.2103746448827,1.83016149295067,38.7007625973563,0.404602875343004,0,0,52.0108000404429,-16.1335932943125,0,0,0,0,0,0,0,0,0,0,0,0,0,0,0,0,0,0,16.3293389727848,44.6999056438126,0,0,0,0,0,0,0,0,0,0,0,0,0,0,0,0,22.3709862906104,27.3294065927657,19.5798758997697,19.6664532743395,0,0,0,0,0,0,43.0079230062745,32.5857558937512,0,0,0,0,0,0,578.545073306248
0,0,21.9337040885045,12.8367761255303,2.3390813599161,1.16954067995805,7.20420775207239,1.51667531622577,0,0,0,0,23.9193626426845,11.4351338949676,29.4499887724882,29.4499887724882,0,0,6.18651408883187,2.13328072028685,0,0,11.5756658770984,7.75156197127125,0,0,6.53145345051046,1.68553637432528,8.04755040211088,2.4535214640582,3.53156740998498,1.81623466799227,9.00447937941626,5.80288671117936,3.15217746429588,0.886549911833216,9.6838130534039,3.46578572437613,2.26032204642646,0.71919337840842,17.0604647619029,10.9186974476179,0,0,3.24073410091617,1.62036705045809,8.9908828769656,6.92401325007695,0,0,3.68702534474608,2.42290236940457,0,0,0,0,2.32505242165777,0.871894658121663,10.9297701519514,1.9591097442177,43.3506238447618,4.24832698174794,0,0,57.214259736548,-3.82078989732962,0,0,0,0,0,0,0,0,0,0,0,0,0,0,0,0,0,0,16.5218336045136,37.5005367310157,0,0,0,0,0,0,0,0,0,0,0,0,0,0,0,0,22.8774741808631,33.7202940598745,16.4389312376325,7.26409496582952,0,0,0,0,0,0,37.1855141120508,24.7802604600806,0,0,0,0,0,0,582.133826723389
0,0,21.2560651729146,12.4401856081113,2.37905865067186,1.18952932533593,7.88929384211425,1.6609039667609,0,0,0,0,22.764090162115,10.8828325775024,29.0751465645996,29.0751465645996,0,0,5.80024846895935,2.0000856789515,0,0,11.1184523263783,7.44539218284259,0,0,6.46577065485524,1.66858597544651,8.02286800980739,2.44599634445347,3.58867245732796,1.84560297805438,8.98022740404457,5.78725766038428,3.34189124484632,0.939906912613028,9.16243678500721,3.27918790200258,2.25798828443008,0.718450817773206,17.5699538429488,11.2447704594872,0,0,3.02297345159186,1.51148672579593,8.7760600257697,6.75857496237436,0,0,3.39061123977229,2.22811595756465,0,0,0,0,2.45548145007143,0.920805543776787,10.2884107989983,1.84414910548082,43.2502235293421,5.88635880583641,0,0,57.0951728130534,3.29017403149455,0,0,0,0,0,0,0,0,0,0,0,0,0,0,0,0,0,0,16.2888091535476,31.9311548820787,0,0,0,0,0,0,0,0,0,0,0,0,0,0,0,0,22.7515781129042,30.1651356456315,16.0575316584101,6.37774962032892,0,0,0,0,0,0,34.4997882825579,21.8800337841599,0,0,0,0,0,0,568.149024924764
0,0,21.5529649128566,12.6139472070635,2.37485324004291,1.18742662002145,7.16195377812253,1.50777974276264,0,0,0,0,22.568220244771,10.7891930117545,31.1540564554803,31.1540564554803,0,0,5.70190713128045,1.96617487285533,0,0,10.584477435011,7.08781971094487,0,0,6.19363481410295,1.59835737138141,8.20298530824478,2.50091015495268,3.48496072653399,1.79226551650319,9.05226831139253,5.83368402289741,3.23069290692043,0.908632380071371,8.95933346875023,3.20649829407903,2.19857312432827,0.69954599410445,17.7772579675532,11.377445099234,0,0,3.28034994409077,1.64017497204539,8.56649215971408,6.59718361725108,0,0,3.56976906937444,2.34584824558892,0,0,0,0,2.31973968865417,0.869902383245315,10.3987030659364,1.86391847408293,22.9293308532372,-19.4142325049533,0,0,35.9794265730734,8.53132708076519,0,0,0,0,0,0,0,0,0,0,0,0,0,0,0,0,0,0,36.9630891927636,44.6999854485674,0,0,0,0,0,0,0,0,0,0,0,0,0,0,0,0,21.116452944894,25.3144481706084,25.268004718114,16.8946864846086,0,0,0,0,0,0,48.9484108996972,32.9941818726412,0,0,0,0,0,0,606.853682049117
0,0,22.2354441778854,13.0133705557209,2.35738455898049,1.17869227949025,7.45737340539938,1.56997334850513,0,0,0,0,23.5600217477683,11.2633437302927,30.0439646625565,30.0439646625565,0,0,5.73560148835646,1.97779361667464,0,0,11.3698955998509,7.61376937490013,0,0,6.45039881266318,1.66461904842921,7.82920310457365,2.38695216602855,3.69810018026319,1.90188009270678,9.27483804725028,5.9771178526724,3.27330601981673,0.920617318073455,9.48559628996236,3.39484498798653,2.19799268696336,0.699361309488342,16.9902647825371,10.8737694608237,0,0,3.06880759959529,1.53440379979765,8.48190046838016,6.53203829174105,0,0,3.54284457554559,2.3281550067871,0,0,0,0,2.63738239689021,0.989018398833828,10.9144122679549,1.95635691595417,42.5251337347249,2.17750181211929,0,0,56.2838057433239,-11.528872056762,0,0,0,0,0,0,0,0,0,0,0,0,0,0,0,0,0,0,16.0805283108738,42.659991496045,0,0,0,0,0,0,0,0,0,0,0,0,0,0,0,0,22.6868624288238,34.2425793827366,16.1037239605629,6.87952632611127,0,0,0,0,0,0,39.6873173996798,32.5712553281892,0,0,0,0,0,0,581.628121509316
0,0,22.8708818276216,13.3852626364421,2.42157449582643,1.21078724791321,7.95726463647634,1.67521360767923,0,0,0,0,22.0694293703271,10.550735970902,29.0496977205032,29.0496977205032,0,0,5.90788289422701,2.03720099800931,0,0,11.2703715961824,7.54712383672932,0,0,6.39322509536531,1.64986454073943,8.38051669696204,2.55503557834209,3.48841949126952,1.79404430979576,9.17918766037243,5.91547649224001,3.10909542447403,0.874433088133322,9.26372788064514,3.31543945202037,2.27940962223617,0.725266697984235,17.0763750935752,10.9288800598882,0,0,3.25734669748326,1.62867334874163,8.91542801110582,6.86590433039184,0,0,3.31146403400577,2.17610493663236,0,0,0,0,2.40572509124915,0.90214690921843,10.2856585340418,1.84365577496976,43.5573489649075,6.753575185609,0,0,57.4214820282215,4.59566377285708,0,0,0,0,0,0,0,0,0,0,0,0,0,0,0,0,0,0,16.5097327747173,31.4044169368459,0,0,0,0,0,0,0,0,0,0,0,0,0,0,0,0,22.825412855764,29.6025948789029,16.2615581399542,6.52926221700011,0,0,0,0,0,0,34.6368354668611,21.1353528367314,0,0,0,0,0,0,572.950901027357
0,0,21.7893234089745,12.7522768338238,2.36217308361683,1.18108654180842,7.61076814129252,1.60226697711422,0,0,0,0,21.9913197854241,10.513394107944,31.1449724473991,31.1449724473991,0,0,5.82559394926148,2.00882549974534,0,0,10.7056158085977,7.16893915754313,0,0,6.17944405779794,1.59469524072205,7.85321626164467,2.39427325050142,3.33403113522371,1.71464458382934,9.17029524606721,5.90974582524332,3.30198942196317,0.928684524927142,9.24081370739693,3.30723859001574,2.25758515412027,0.718322549038268,16.9422705161042,10.8430531303067,0,0,3.34120567041674,1.67060283520837,9.02198244730875,6.94796349390444,0,0,3.52522902527295,2.3165790737508,0,0,0,0,2.42284767076847,0.908567876538175,10.3310994249242,1.8518008403166,23.8132943262093,-16.8795657615413,0,0,36.7783725909388,4.54184126375243,0,0,0,0,0,0,0,0,0,0,0,0,0,0,0,0,0,0,34.9460937312524,44.6999399234765,0,0,0,0,0,0,0,0,0,0,0,0,0,0,0,0,21.7670529905311,26.5122256016138,25.0596469563891,16.7819012497527,0,0,0,0,0,0,48.8035014818847,33.0619665109189,0,0,0,0,0,0,603.104438784217
0,0,22.6030252673417,13.2284986587668,2.37709212824055,1.18854606412027,7.90191639441691,1.66356134619303,0,0,0,0,22.9649705397649,10.9788674948876,30.0472376664669,30.0472376664669,0,0,5.74390091858072,1.98065548916577,0,0,11.8800432860957,7.95538612908194,0,0,6.40971999290185,1.6541212884908,8.1282096156192,2.47811268768878,3.64090912796551,1.87246755152512,8.97857449911925,5.78619245498796,3.20923590193153,0.902597597418242,9.33976678477161,3.34265337560247,2.22336369661516,0.707433903468458,17.1201109201097,10.9568709888702,0,0,3.24472524819319,1.62236262409659,8.43720978863953,6.49762133148102,0,0,3.40292229796161,2.23620608151763,0,0,0,0,2.40022880927168,0.900085803476878,11.0519634280975,1.98101231258352,42.636965594617,2.30383019366065,0,0,56.4138709352146,-11.3002863219968,0,0,0,0,0,0,0,0,0,0,0,0,0,0,0,0,0,0,16.1863857910629,42.7657343399549,0,0,0,0,0,0,0,0,0,0,0,0,0,0,0,0,22.7183000463191,34.1510814614048,16.198182461198,6.94993150494629,0,0,0,0,0,0,39.6907276595309,32.222053135085,0,0,0,0,0,0,583.42300484095
0,0,21.2773604794561,12.452648759866,2.46836551640324,1.23418275820162,7.76908949860786,1.6355977891806,0,0,0,0,23.5682941742864,11.2672985306896,30.0499237083815,30.0499237083815,0,0,5.74025142113662,1.97939704177125,0,0,10.805466872913,7.23580370953996,0,0,6.22088896632942,1.60539070098824,7.77805148091691,2.37135715881613,3.60966995387161,1.85640169056254,8.86043761633826,5.71005979719577,3.19737833552854,0.899262656867402,9.35043625013648,3.34647192110148,2.12364691002177,0.675705835006928,18.1036927550673,11.5863633632431,0,0,3.2663268075615,1.63316340378075,8.88607200590803,6.84329683213607,0,0,3.48174244978656,2.28800218128831,0,0,0,0,2.44378765723515,0.916420371463183,10.8397109991221,1.94296706588038,42.3295689272127,2.04463334339901,0,0,56.0784457471888,-10.9240613802197,0,0,0,0,0,0,0,0,0,0,0,0,0,0,0,0,0,0,15.9198168769118,42.2915731470294,0,0,0,0,0,0,0,0,0,0,0,0,0,0,0,0,22.6128675612487,33.1773720338233,16.0047153903027,7.08620332120987,0,0,0,0,0,0,39.6499116798901,32.9633250214923,0,0,0,0,0,0,578.724896251057
0,0,21.49835732851,12.5819879295888,2.63635227849076,1.31817613924538,7.80220504849185,1.64256948389302,0,0,0,0,22.5746605948361,10.7922719510401,30.1555044664091,30.1555044664091,0,0,5.60544369120765,1.93291161765781,0,0,11.2715429127539,7.54790820050484,0,0,6.3738364859153,1.6448610286233,8.25669422403027,2.51728482439947,3.67798945240529,1.89153743266558,8.63731080299604,5.56626696193078,3.15140903872653,0.886333792141837,9.67155444876765,3.46139843429579,2.16229465986577,0.688002846320926,17.7001228782725,11.3280786420944,0,0,3.04946930573099,1.5247346528655,8.72400504936401,6.71848664721137,0,0,3.42688270545496,2.25195149215612,0,0,0,0,2.43732084265369,0.913995315995134,10.7136614559854,1.92037327984644,42.1254470225842,1.48907146726665,0,0,55.8561702198717,-12.7542397095984,0,0,0,0,0,0,0,0,0,0,0,0,0,0,0,0,0,0,15.8510055337242,44.1784845351877,0,0,0,0,0,0,0,0,0,0,0,0,0,0,0,0,22.5592584776088,33.1299155321491,15.9509897568565,7.03192326008645,0,0,0,0,0,0,39.9742091354242,34.1164349963465,0,0,0,0,0,0,577.746655450244
0,0,22.1619438889489,12.9703542575876,2.43338569476291,1.21669284738145,7.8512922328532,1.65290362796909,0,0,0,0,23.0625078226984,11.0254971608514,29.5309523927776,29.5309523927776,0,0,5.70439152838108,1.96703156151072,0,0,11.4051021896655,7.63734521629388,0,0,6.36659942575058,1.6429934001937,8.25360560837897,2.51634317328627,3.66253406730793,1.88358894890122,9.00755313782789,5.80486757771131,3.17539865608482,0.893080872023855,9.21249817833558,3.29710461119379,2.26090875507498,0.71938005843295,18.1375319974782,11.6080204783861,0,0,3.01731022396974,1.50865511198487,8.85590288317809,6.82006313991876,0,0,3.58471201569997,2.35566789603141,0,0,0,0,2.34719647441814,0.880198677906802,10.810936158434,1.93780931141741,43.2380977941526,3.90140257960866,0,0,57.0907344463628,-4.94637084655659,0,0,0,0,0,0,0,0,0,0,0,0,0,0,0,0,0,0,16.4494196630331,37.9225292503505,0,0,0,0,0,0,0,0,0,0,0,0,0,0,0,0,22.8668443784484,34.3992954979389,16.3654625758939,7.07998464327629,0,0,0,0,0,0,37.3618005418749,25.6651101159632,0,0,0,0,0,0,581.334565615292
0,0,21.8065346545809,12.7623497748008,2.51832531712583,1.25916265856291,7.32082886088764,1.54122712860792,0,0,0,0,23.21397115829,11.0979072642702,28.3158729039804,28.3158729039804,0,0,5.86177738776951,2.02130254750673,0,0,10.6094292614531,7.1045285232945,0,0,5.97157623704899,1.54105193214167,8.0444555645543,2.45257791602265,3.45598636109048,1.7773644142751,9.45359782417327,6.09231859780055,3.26113538891778,0.917194328133127,9.62406358331457,3.44440170350206,2.16987729453122,0.690415502805389,17.8647960734429,11.4334694870034,0,0,3.41606141072267,1.70803070536133,9.08497377513845,6.99647405671582,0,0,3.54358038375381,2.32863853789536,0,0,0,0,2.3685859775012,0.888219741562949,10.4887086257413,1.88005154612345,44.224440617062,8.11472000112485,0,0,58.1994134012606,16.8394738546445,0,0,0,0,0,0,0,0,0,0,0,0,0,0,0,0,0,0,16.7978945554625,22.6182161758174,0,0,0,0,0,0,0,0,0,0,0,0,0,0,0,0,22.9621907599207,28.5561229571184,16.4878225029615,7.23790379526651,0,0,0,0,0,0,31.9763449330078,14.0274807920293,0,0,0,0,0,0,570.763710844796
0,0,22.137328525727,12.9559480311859,2.37603918893478,1.18801959446739,7.86583501383318,1.65596526607014,0,0,0,0,23.312148969952,11.1448431479156,29.7349603767063,29.7349603767062,0,0,5.93068416705349,2.04506350588051,0,0,10.9086607088758,7.30490672469364,0,0,6.74313469807008,1.74016379305034,8.35739442744195,2.54798610592743,3.58162894288143,1.84198059919617,9.06742655751754,5.84345267040019,3.08843285166265,0.868621739530119,9.41112735474481,3.36819294801393,2.26687933001966,0.721279786824436,16.0662753859884,10.2824162470325,0,0,3.09264009571931,1.54632004785965,8.61810599005188,6.63693219923536,0,0,3.52236241763416,2.31469530301673,0,0,0,0,2.23471200038162,0.838017000143106,10.5095374451596,1.88378501375503,42.6775830681655,3.03164626228315,0,0,56.4476207650599,-8.08867207719696,0,0,0,0,0,0,0,0,0,0,0,0,0,0,0,0,0,0,16.0809776195553,39.4671080195792,0,0,0,0,0,0,0,0,0,0,0,0,0,0,0,0,22.6903513402312,34.1503060524888,16.057967963971,7.00377710263493,0,0,0,0,0,0,37.4435322489515,28.1297300936803,0,0,0,0,0,0,573.908023550983
0,0,22.1596295894567,12.9689998058111,2.39874727226319,1.19937363613159,7.49968696813075,1.57888146697489,0,0,0,0,22.1773716972579,10.602339978075,29.9487218626988,29.9487218626988,0,0,5.68983763604099,1.96201297794517,0,0,11.4849555870595,7.69081847347734,0,0,6.06128212663928,1.56420183913272,7.66017143046818,2.33541811904518,3.57264523758022,1.8373604078984,8.85443731080511,5.70619293362996,3.06031159239598,0.860712635361368,9.59287533171483,3.4332395924032,2.22203536807265,0.70701125347766,17.7644160250207,11.3692262560133,0,0,3.03050446253161,1.5152522312658,9.03056735064142,6.9545748562411,0,0,3.56376938351098,2.34190559487865,0,0,0,0,2.36734912554536,0.88775592207951,10.4504257469287,1.8731895206759,42.2848853728033,2.17742071775892,0,0,56.0082573333451,-10.9027498762659,0,0,0,0,0,0,0,0,0,0,0,0,0,0,0,0,0,0,15.8415159607412,41.7310240820892,0,0,0,0,0,0,0,0,0,0,0,0,0,0,0,0,22.6088423535438,34.3304503354777,15.9005335138763,6.99860041914118,0,0,0,0,0,0,38.6144322829138,31.605671971877,0,0,0,0,0,0,573.550092680323
