Pd_bus1,Qd_bus1,Pd_bus2,Qd_bus2,Pd_bus3,Qd_bus3,Pd_bus4,Qd_bus4,Pd_bus5,Qd_bus5,Pd_bus6,Qd_bus6,Pd_bus7,Qd_bus7,Pd_bus8,Qd_bus8,Pd_bus9,Qd_bus9,Pd_bus10,Qd_bus10,Pg_bus1,Qg_bus1,Pg_bus2,Qg_bus2,Pg_bus3,Qg_bus3,Pg_bus4,Qg_bus4,Pg_bus5,Qg_bus5,Pg_bus6,Qg_bus6,Pg_bus7,Qg_bus7,Pg_bus8,Qg_bus8,Pg_bus9,Qg_bus9,Pg_bus10,Qg_bus10,Objective
0,0,10.2701696472889,10.2701696472889,10.3027959390418,10.3027959390418,10.1112170757138,10.1112170757138,9.71117177101551,9.71117177101551,9.85303579049407,9.85303579049407,9.62076575684978,9.62076575684978,10.2852165767438,10.2852165767438,10.0629804885853,10.0629804885853,10.2365539807032,10.2365539807032,43.8783185015062,9.13393216654305,0,0,0,0,0,0,0,0,48.3805043282185,58.7135895657857,0,0,0,0,0,0,0,0,269.837246330897
0,0,10.5633168911002,10.5633168911001,10.555076674754,10.555076674754,9.97284999491623,9.97284999491622,9.67681959348181,9.67681959348181,9.80572823591983,9.80572823591982,10.0142507979193,10.0142507979193,9.99213481686228,9.99213481686228,9.8116966956619,9.8116966956619,10.1017852745207,10.1017852745207,43.9081692003885,9.6067819283687,0,0,0,0,0,0,0,0,48.3499864858079,58.1517058307265,0,0,0,0,0,0,0,0,269.829281686548
0,0,9.62544355313455,9.62544355313455,9.92452915116107,9.92452915116107,9.99056394323263,9.99056394323263,10.3101149566517,10.3101149566517,9.76960121050664,9.76960121050663,10.0375400045755,10.0375400045755,10.0921414375813,10.0921414375813,9.36995973217461,9.36995973217461,10.1311931841648,10.1311931841648,43.2619134983779,8.65463834335569,0,0,0,0,0,0,0,0,47.7307724907565,57.7900370938857,0,0,0,0,0,0,0,0,264.981768020379
0,0,9.91210494444008,9.91210494444008,10.7536086888813,10.7536086888813,10.4717228156218,10.4717228156218,10.2581032687715,10.2581032687715,9.9621238322337,9.9621238322337,9.75268347527513,9.75268347527512,10.1295061899238,10.1295061899238,9.9425573472369,9.9425573472369,9.61559970688312,9.61559970688312,44.034733895257,9.65616147437007,0,0,0,0,0,0,0,0,48.5212527567807,58.3999959818197,0,0,0,0,0,0,0,0,270.979368470345
0,0,9.74598189770166,9.74598189770166,10.3425921418572,10.3425921418572,9.87075852171961,9.8707585217196,10.2093707574144,10.2093707574144,9.85095856453455,9.85095856453455,10.0222727989612,10.0222727989612,10.0565161727412,10.0565161727412,9.9136745055313,9.91367450553129,10.6537444013312,10.6537444013312,43.9558567487968,8.64010889498738,0,0,0,0,0,0,0,0,48.555324988287,59.5535431146237,0,0,0,0,0,0,0,0,270.817102018946
0,0,10.3688814753083,10.3688814753083,10.6392639147966,10.6392639147966,10.1263145046066,10.1263145046066,10.3235954604483,10.3235954604483,9.59845209700562,9.59845209700562,9.72247785331085,9.72247785331085,9.20931801210781,9.20931801210781,9.76919444543032,9.76919444543032,9.87469521601318,9.87469521601318,43.4988740008878,9.9696933085323,0,0,0,0,0,0,0,0,47.8164537392229,56.6654114342136,0,0,0,0,0,0,0,0,266.201961231028
0,0,10.3444111866538,10.3444111866538,9.75399499091893,9.75399499091893,9.78237444244388,9.78237444244387,10.0393934002975,10.0393934002975,9.75511311928352,9.75511311928352,10.1782107939958,10.1782107939958,9.90575066330348,9.90575066330348,10.4212573095261,10.4212573095261,10.232306804727,10.232306804727,43.8413222683292,8.68856433761036,0,0,0,0,0,0,0,0,48.3997093110887,59.1910445014337,0,0,0,0,0,0,0,0,269.773931151504
0,0,10.2514169854338,10.2514169854338,10.3032877121179,10.3032877121179,10.2918703364049,10.2918703364049,9.33112520957723,9.33112520957723,9.85589438093738,9.85589438093738,9.41315823744369,9.41315823744369,10.5134548571592,10.5134548571592,10.1176083447822,10.1176083447822,9.93399982340959,9.93399982340959,43.6698379662826,9.16972159643366,0,0,0,0,0,0,0,0,48.1223094091901,58.1542776050353,0,0,0,0,0,0,0,0,268.040522968449
0,0,9.79973525262461,9.79973525262461,9.81636697917305,9.81636697917304,10.2445629386416,10.2445629386416,10.1046991158931,10.1046991158931,10.3923252339716,10.3923252339716,9.98764712122215,9.98764712122215,9.31891583840061,9.3189158384006,10.3056709186217,10.3056709186217,10.3170733049523,10.3170733049523,43.7578284257154,8.64980034107271,0,0,0,0,0,0,0,0,48.3278018696781,59.0173181632601,0,0,0,0,0,0,0,0,269.177740232571
0,0,10.1906166527997,10.1906166527997,10.0079557048251,10.0079557048251,10.0364137011553,10.0364137011553,9.97550797239578,9.97550797239578,9.60152446160512,9.60152446160512,9.77396867394883,9.77396867394883,9.30894785753065,9.30894785753065,10.1323465107792,10.1323465107792,9.82591455751778,9.82591455751778,43.1046689860864,9.19142233064153,0,0,0,0,0,0,0,0,47.4479917179823,56.7103363933923,0,0,0,0,0,0,0,0,263.291809537534
0,0,10.2212324658203,10.2212324658203,9.75059846100996,9.75059846100996,9.92339163781422,9.92339163781422,10.1638300333386,10.1638300333386,9.5607361419821,9.56073614198209,9.57416386268864,9.57416386268864,9.76995937799108,9.76995937799108,9.51673731343579,9.51673731343579,10.4641310392837,10.4641310392837,43.1452050821747,8.9385855506637,0,0,0,0,0,0,0,0,47.528396549655,57.1468245210615,0,0,0,0,0,0,0,0,263.756347266943
0,0,10.072642272667,10.072642272667,10.3356843476479,10.3356843476479,10.1985877315479,10.1985877315479,9.74777006504198,9.74777006504198,10.5853482815708,10.5853482815708,10.0392446119574,10.0392446119574,10.162092899385,10.162092899385,10.3174270636351,10.3174270636351,9.73163031187618,9.73163031187618,44.2021267406883,9.12442820886751,0,0,0,0,0,0,0,0,48.7962214016911,59.4830571055276,0,0,0,0,0,0,0,0,272.694680914414
0,0,9.71503145336749,9.71503145336749,10.000586326086,10.000586326086,10.270627881523,10.270627881523,9.73555657828805,9.73555657828805,10.0202972489927,10.0202972489927,9.93492422969684,9.93492422969684,9.692730669426,9.69273066942599,9.75160517774691,9.75160517774691,9.90393366756662,9.90393366756662,43.1610932814311,8.83499407759297,0,0,0,0,0,0,0,0,47.5811839053049,57.3022115283218,0,0,0,0,0,0,0,0,264.021535075049
0,0,9.8993769111617,9.8993769111617,10.0284742605444,10.0284742605444,10.1774106917554,10.1774106917554,9.95708591063259,9.95708591063259,10.3244724002984,10.3244724002984,10.3141349284966,10.3141349284966,9.72536907280951,9.72536907280951,10.0067888084963,10.0067888084963,9.90455046419743,9.90455046419742,43.7836209137393,8.90640680999128,0,0,0,0,0,0,0,0,48.3263920486942,58.7304405256502,0,0,0,0,0,0,0,0,269.268938500109
0,0,9.69520096524758,9.69520096524758,10.2169378294093,10.2169378294093,10.0122306444344,10.0122306444344,9.87290768856452,9.87290768856452,9.84090557007826,9.84090557007825,10.4470160452925,10.4470160452925,9.71651013412797,9.71651013412797,9.67123399478931,9.67123399478931,10.0008372563236,10.0008372563236,43.3751879236367,8.80859432517921,0,0,0,0,0,0,0,0,47.8425822510656,57.8667674357543,0,0,0,0,0,0,0,0,265.84193242662
0,0,9.74648673418318,9.74648673418317,10.0823652860329,10.0823652860329,10.2162428018901,10.2162428018901,9.83981370460109,9.83981370460109,10.3066851585165,10.3066851585165,9.89194801600464,9.89194801600464,10.2659780441006,10.2659780441006,10.1195730295872,10.1195730295872,10.0574749315054,10.0574749315054,43.8759685464046,8.65609345584217,0,0,0,0,0,0,0,0,48.4669394235033,59.3093353333336,0,0,0,0,0,0,0,0,270.168712599148
0,0,10.1894247385333,10.1894247385333,9.84270887579042,9.84270887579041,9.65053116573562,9.65053116573562,9.36580043051469,9.36580043051469,10.0775642469601,10.0775642469601,10.1211031938931,10.1211031938931,9.44582418672467,9.44582418672467,10.0258823099443,10.0258823099443,9.79994901657311,9.79994901657311,42.9244203414925,8.7657568315613,0,0,0,0,0,0,0,0,47.2918403440163,56.791562157972,0,0,0,0,0,0,0,0,262.013001866559
0,0,9.47608754185945,9.47608754185944,10.1659139523037,10.1659139523037,9.903346142557,9.903346142557,10.6053788779488,10.6053788779488,9.60503456625478,9.60503456625477,9.81945770975812,9.81945770975812,9.77361585792857,9.77361585792857,10.4204353689454,10.4204353689454,10.4426945611401,10.4426945611401,43.7323596782235,8.40203721194198,0,0,0,0,0,0,0,0,48.3219328737822,59.3270209735255,0,0,0,0,0,0,0,0,269.059154697688
0,0,10.1007165905108,10.1007165905107,10.623744073856,10.623744073856,10.0619789685332,10.0619789685331,10.0298948982025,10.0298948982025,9.4042680579055,9.4042680579055,9.28280873273151,9.28280873273151,10.4005281208957,10.4005281208957,10.5930097217127,10.5930097217127,10.0881642452839,10.0881642452839,43.9551216937597,9.14798992798755,0,0,0,0,0,0,0,0,48.463762869287,58.9224943332902,0,0,0,0,0,0,0,0,270.453549817368
0,0,9.83632947421157,9.83632947421157,10.3215101792795,10.3215101792795,10.5670653466723,10.5670653466723,10.3291938666151,10.329193866615,10.4229633681635,10.4229633681635,10.2069315559251,10.2069315559251,9.33482619431267,9.33482619431267,9.57877489228142,9.57877489228141,10.453354797327,10.4533547973269,44.1342428299356,9.33107918137077,0,0,0,0,0,0,0,0,48.6964473257551,59.0496720700557,0,0,0,0,0,0,0,0,272.044887757817
0,0,9.62109825243247,9.62109825243247,9.35656827175278,9.35656827175278,10.3124971740715,10.3124971740715,9.66500470688303,9.66500470688302,9.76493378650546,9.76493378650546,10.0543004141045,10.0543004141045,10.1767058418419,10.1767058418419,10.3431737951369,10.3431737951369,9.85223752976911,9.85223752976911,43.2061085209153,8.08031400018974,0,0,0,0,0,0,0,0,47.7337689520099,58.4205297523139,0,0,0,0,0,0,0,0,264.78536518355
0,0,9.76902045793166,9.76902045793166,9.91010044103818,9.91010044103818,10.2033176386783,10.2033176386783,10.1910348964909,10.1910348964909,10.4212091076314,10.4212091076314,10.1238753323421,10.1238753323421,10.0760152744763,10.0760152744763,9.63071961542733,9.63071961542733,9.86840032472838,9.86840032472838,43.7041977118572,8.84954149510745,0,0,0,0,0,0,0,0,48.2471214818936,58.5986865635065,0,0,0,0,0,0,0,0,268.659470966016
0,0,9.74846286032821,9.74846286032821,10.9033909038041,10.9033909038041,9.91282276244373,9.91282276244373,10.6051443655893,10.6051443655893,10.1223460590927,10.1223460590927,10.2364147997646,10.2364147997646,10.0128590972848,10.0128590972848,10.0955484850448,10.0955484850448,9.99937705329906,9.99937705329906,44.4197920520486,9.26441508870878,0,0,0,0,0,0,0,0,49.0447479822619,59.8600018005215,0,0,0,0,0,0,0,0,274.499184680437
0,0,10.2149241246839,10.2149241246839,9.7907508394465,9.7907508394465,9.41819285092735,9.41819285092735,10.0595192005463,10.0595192005463,9.30206782889359,9.30206782889359,10.4032706281084,10.4032706281084,10.3244585120376,10.3244585120376,10.6180398460553,10.6180398460553,9.85218719502994,9.85218719502993,43.6331802854344,8.39766525435613,0,0,0,0,0,0,0,0,48.1846543765137,59.0687827539617,0,0,0,0,0,0,0,0,268.147976108002
0,0,10.3301563475082,10.3301563475082,9.93969500542023,9.93969500542023,10.4767006345446,10.4767006345446,10.8856546057706,10.8856546057706,10.1556731415845,10.1556731415845,9.86148930709796,9.86148930709796,9.94252328801602,9.94252328801602,10.2486835917178,10.2486835917178,9.8435768494964,9.8435768494964,44.4477592813484,9.49354140752249,0,0,0,0,0,0,0,0,49.0449447040268,59.6152668295747,0,0,0,0,0,0,0,0,274.605606093825
0,0,10.0563821867197,10.0563821867197,10.6112978043315,10.6112978043315,10.3252764424,10.3252764424,10.0383537478955,10.0383537478955,9.7636492461294,9.76364924612939,10.1379349424978,10.1379349424978,10.3903562858193,10.3903562858193,9.77009338231425,9.77009338231425,10.0230111508553,10.0230111508553,44.1892181673128,9.39595146553796,0,0,0,0,0,0,0,0,48.7339973483325,59.1324454094888,0,0,0,0,0,0,0,0,272.400221027003
0,0,10.3438336189972,10.3438336189972,10.1109732278949,10.1109732278949,10.2452700724887,10.2452700724887,9.8724471647031,9.87244716470309,9.86348293168784,9.86348293168784,10.2700665782449,10.2700665782449,10.2167100606954,10.2167100606954,10.3930372343761,10.3930372343761,10.1837251330474,10.1837251330474,44.3705362748716,9.03473708628322,0,0,0,0,0,0,0,0,48.9929434403127,60.0553182256976,0,0,0,0,0,0,0,0,274.108019355676
0,0,10.0116093361241,10.0116093361241,10.1866487499823,10.1866487499823,10.0706903867523,10.0706903867523,10.174920016377,10.174920016377,10.1137552134781,10.1137552134781,10.5816055493219,10.5816055493219,9.96261903110059,9.96261903110059,9.88450694304842,9.88450694304842,9.6605370190301,9.6605370190301,43.9361122248567,9.13515082612191,0,0,0,0,0,0,0,0,48.479798988553,58.8039969974225,0,0,0,0,0,0,0,0,270.445279774933
0,0,9.66312961345685,9.66312961345685,9.99140280309072,9.99140280309072,10.0925064930329,10.0925064930329,9.71899907699493,9.71899907699493,10.1381821107406,10.1381821107406,9.6991324757084,9.6991324757084,9.86290178641205,9.86290178641205,10.2417222556263,10.2417222556263,9.87546558011669,9.87546558011669,43.2817329524271,8.57045589760535,0,0,0,0,0,0,0,0,47.7592161608204,57.9543733197482,0,0,0,0,0,0,0,0,265.166920939719
0,0,10.0398323882168,10.0398323882168,10.1947022962901,10.1947022962901,9.50212613908109,9.50212613908108,10.1182403398605,10.1182403398605,9.4415609259239,9.4415609259239,9.74450840530797,9.74450840530797,10.0361069427773,10.0361069427773,10.0568008637899,10.0568008637899,10.0812268038444,10.0812268038444,43.2738643438077,8.77931084798012,0,0,0,0,0,0,0,0,47.7026569713656,57.6825936965832,0,0,0,0,0,0,0,0,264.916458977828
0,0,10.8744817366356,10.8744817366356,10.0290236487921,10.0290236487921,9.95166574949318,9.95166574949318,10.2522265894724,10.2522265894724,9.8145917260836,9.8145917260836,9.93616394947442,9.93616394947441,9.73088542977017,9.73088542977017,9.73362674255509,9.73362674255509,10.2044960558717,10.2044960558717,43.9213153583852,9.69379470685631,0,0,0,0,0,0,0,0,48.3563319394082,58.0535269208434,0,0,0,0,0,0,0,0,269.903630224486
0,0,10.232770758608,10.232770758608,9.97630000911326,9.97630000911325,9.50238248886092,9.50238248886092,9.71291419072886,9.71291419072885,9.84799039827496,9.84799039827496,10.0321241389117,10.0321241389117,10.1338730266706,10.1338730266706,10.2700900734542,10.2700900734542,9.77343232969854,9.77343232969854,43.3914313868218,8.70630684034578,0,0,0,0,0,0,0,0,47.8572181174786,58.0414456702502,0,0,0,0,0,0,0,0,265.959891883424
0,0,10.2712521922057,10.2712521922057,10.0565649521348,10.0565649521348,10.142734897708,10.142734897708,9.98179811042353,9.98179811042353,9.75984891628062,9.75984891628062,9.93136212455448,9.93136212455448,10.1359794848279,10.1359794848279,9.64102890510579,9.64102890510579,9.84013812592804,9.84013812592804,43.5349227172248,9.29013552798037,0,0,0,0,0,0,0,0,47.9577904540457,57.6321954640438,0,0,0,0,0,0,0,0,266.890209567119
0,0,9.67625118854141,9.6762511885414,10.6813703315417,10.6813703315417,10.1254811795063,10.1254811795063,10.0036717240509,10.0036717240509,9.51201391599623,9.51201391599623,9.99904502271717,9.99904502271717,9.98973478954278,9.98973478954277,9.72084570142719,9.72084570142719,9.93797622817914,9.93797622817913,43.4800283588391,9.1607931189949,0,0,0,0,0,0,0,0,47.912731278054,57.6950846026495,0,0,0,0,0,0,0,0,266.508372965955
0,0,10.2039970893365,10.2039970893365,10.2079980018023,10.2079980018023,9.70490885510835,9.70490885510835,9.98177871174039,9.98177871174039,10.2124216089217,10.2124216089217,10.0129019097664,10.0129019097664,10.3545213945367,10.3545213945367,10.1896102555792,10.1896102555792,9.65677921884641,9.65677921884641,43.8862083284264,9.00329573016887,0,0,0,0,0,0,0,0,48.4246224267707,58.8610722467816,0,0,0,0,0,0,0,0,270.040528282821
0,0,10.2459269882045,10.2459269882045,9.33362439702845,9.33362439702845,10.1018159172345,10.1018159172345,10.5823068450157,10.5823068450157,10.0946853290325,10.0946853290325,9.8981589478974,9.8981589478974,10.0817491730816,10.0817491730816,9.95517177547072,9.95517177547071,10.0708558048615,10.0708558048615,43.7977266993611,8.77771881472819,0,0,0,0,0,0,0,0,48.3556634480797,58.9364655063595,0,0,0,0,0,0,0,0,269.437001325599
0,0,9.85805339305646,9.85805339305646,10.5121543848352,10.5121543848352,10.2559568195944,10.2559568195944,9.80057254693506,9.80057254693506,9.74459341786489,9.74459341786489,9.69205116118803,9.69205116118803,9.85682063781096,9.85682063781096,10.1483000711564,10.1483000711564,9.54110133808243,9.54110133808242,43.3690618803141,9.28318660359082,0,0,0,0,0,0,0,0,47.760936167307,57.2505161615388,0,0,0,0,0,0,0,0,265.499647134364
0,0,10.3986428491694,10.3986428491694,9.64777488169934,9.64777488169934,10.2210015288761,10.2210015288761,9.80993014903508,9.80993014903508,9.57405903629866,9.57405903629865,10.1610939571039,10.1610939571039,10.2193464673494,10.2193464673494,10.13437364105,10.13437364105,10.2066712687457,10.2066712687457,43.8294305778328,8.82897847849113,0,0,0,0,0,0,0,0,48.3641710614138,58.9870758483595,0,0,0,0,0,0,0,0,269.589443823189
0,0,9.7975333301291,9.7975333301291,9.73754383760915,9.73754383760915,10.2595733191058,10.2595733191058,10.3181743814153,10.3181743814153,10.5954000334436,10.5954000334436,9.96624476974689,9.96624476974688,9.92525997531429,9.92525997531429,10.2888034937043,10.2888034937043,9.78398206130225,9.78398206130225,43.9298968464425,8.70860724706615,0,0,0,0,0,0,0,0,48.5388672894768,59.3444983791041,0,0,0,0,0,0,0,0,270.654677765529
0,0,10.2424911133278,10.2424911133278,9.92998277925782,9.92998277925782,10.3121351868251,10.3121351868251,10.1739593260772,10.1739593260772,9.69391945684778,9.69391945684778,10.3956957136881,10.3956957136881,10.014838516557,10.014838516557,10.2739478878737,10.2739478878737,9.88150186454066,9.88150186454066,44.0842903510616,9.08783834367139,0,0,0,0,0,0,0,0,48.6493449381279,59.2663944901282,0,0,0,0,0,0,0,0,271.670938951692
0,0,9.97003917213338,9.97003917213338,9.16058296119208,9.16058296119208,10.5688733755627,10.5688733755627,9.69444094554385,9.69444094554385,9.70025238827553,9.70025238827553,10.5149892153927,10.5149892153927,10.4177908901021,10.4177908901021,10.0773528719562,10.0773528719562,10.0664167524061,10.0664167524061,43.7022838872064,8.26889554845069,0,0,0,0,0,0,0,0,48.3039618178486,59.3966516119311,0,0,0,0,0,0,0,0,268.875738295273
0,0,9.7960399577306,9.79603995773059,9.8422690907537,9.8422690907537,10.1163247111276,10.1163247111276,10.432614439691,10.432614439691,10.3797841242496,10.3797841242496,10.1496994770104,10.1496994770104,9.35253317667443,9.35253317667443,9.99967690966616,9.99967690966616,9.03995122743233,9.03995122743233,43.1819955302315,9.13526090948113,0,0,0,0,0,0,0,0,47.5863758806989,56.9097962723416,0,0,0,0,0,0,0,0,264.119700970503
0,0,9.93990211266356,9.93990211266356,10.3863034017926,10.3863034017926,9.83753738079115,9.83753738079115,9.3256367324988,9.3256367324988,9.60417610507617,9.60417610507616,10.3665083891247,10.3665083891247,10.1778391732189,10.1778391732189,9.46622434860677,9.46622434860677,9.65704110337246,9.65704110337245,43.0497674975805,8.99867017976647,0,0,0,0,0,0,0,0,47.4123044201583,56.817399423947,0,0,0,0,0,0,0,0,262.948325675987
0,0,9.66113125644849,9.66113125644848,10.4881842563996,10.4881842563996,10.1192203875249,10.1192203875249,9.61750054605501,9.61750054605501,9.74447498664088,9.74447498664088,10.500848244263,10.500848244263,9.83257341534224,9.83257341534224,9.82165462242715,9.82165462242715,10.2114843502977,10.2114843502977,43.6361962088441,8.80618045576103,0,0,0,0,0,0,0,0,48.1498958996831,58.5373793792527,0,0,0,0,0,0,0,0,268.022786111596
0,0,10.5064929118481,10.5064929118481,10.204594204359,10.204594204359,9.86622367356608,9.86622367356608,9.63307608201429,9.63307608201429,10.2307256678952,10.2307256678952,10.0775624676242,10.0775624676242,9.96016354853531,9.96016354853531,10.3137387301233,10.3137387301233,9.6769140788737,9.6769140788737,43.8741237908557,9.28002293528892,0,0,0,0,0,0,0,0,48.3635474453651,58.4684932953674,0,0,0,0,0,0,0,0,269.75477167075
0,0,9.60705918630015,9.60705918630015,9.97865756705183,9.97865756705183,9.47563629276487,9.47563629276487,9.53576444885434,9.53576444885434,9.49975476923456,9.49975476923456,10.1905236087823,10.1905236087823,10.2872700096015,10.2872700096015,10.0637005270599,10.0637005270599,10.3892537816164,10.3892537816164,43.1623963679927,7.93923412672897,0,0,0,0,0,0,0,0,47.6843173167543,58.5164053819941,0,0,0,0,0,0,0,0,264.429158933346
0,0,9.91830033792634,9.91830033792633,10.3616391166231,10.3616391166231,9.77320540501201,9.77320540501201,10.6121972192366,10.6121972192366,9.08858976852411,9.08858976852411,10.4719678163448,10.4719678163448,9.67230639360428,9.67230639360428,10.1431462726586,10.1431462726586,10.0537641437612,10.0537641437612,43.695742273786,8.99105320839078,0,0,0,0,0,0,0,0,48.1902128850167,58.4558868197646,0,0,0,0,0,0,0,0,268.404200532812
0,0,9.72780004685895,9.72780004685895,10.0717546340857,10.0717546340857,10.2036627311485,10.2036627311485,10.022856869957,10.022856869957,10.0903596947332,10.0903596947332,10.1489505404759,10.1489505404759,9.91033166018722,9.91033166018722,10.1562706886869,10.1562706886869,10.0778302091649,10.0778302091649,43.8212401564217,8.69473100301379,0,0,0,0,0,0,0,0,48.3962578638302,59.1261154060995,0,0,0,0,0,0,0,0,269.684973321887
0,0,9.30373931608652,9.30373931608652,9.62964856550427,9.62964856550427,10.1767144957444,10.1767144957444,10.3271077401032,10.3271077401032,9.98917778591811,9.98917778591811,10.1002911995921,10.1002911995921,9.88491992457432,9.88491992457432,9.67186571805566,9.67186571805566,9.98064938186182,9.98064938186182,43.1513217582666,8.28527977320895,0,0,0,0,0,0,0,0,47.6598233290091,57.9924724331717,0,0,0,0,0,0,0,0,264.292196759308
0,0,10.0668648709801,10.0668648709801,9.68054099170618,9.68054099170618,10.3283086243321,10.3283086243321,10.4362934879585,10.4362934879585,10.0705689213138,10.0705689213138,10.0350057189398,10.0350057189398,9.85140615771401,9.85140615771401,10.3346764585901,10.3346764585901,10.1363743960698,10.1363743960698,44.0794521378805,8.82392113675254,0,0,0,0,0,0,0,0,48.6880376047099,59.5925708052845,0,0,0,0,0,0,0,0,271.805441616647
0,0,10.1795735151874,10.1795735151874,10.5388356809324,10.5388356809324,10.386323340536,10.386323340536,10.2376716288688,10.2376716288688,10.1876701499069,10.1876701499069,9.97501395733205,9.97501395733204,10.635989802038,10.635989802038,10.368362664541,10.368362664541,9.7568567424758,9.7568567424758,44.7333522343348,9.41292306128583,0,0,0,0,0,0,0,0,49.3936948160704,60.4465425445357,0,0,0,0,0,0,0,0,277.070291894894
0,0,9.85408633122215,9.85408633122215,10.2897893606874,10.2897893606874,10.9807255987434,10.9807255987434,10.1244091415662,10.1244091415662,9.91321820332281,9.9132182033228,10.6436443285239,10.6436443285239,10.3506972484131,10.3506972484131,10.1412774348639,10.1412774348639,10.0000461207966,10.0000461207966,44.7380132131068,9.18534427159994,0,0,0,0,0,0,0,0,49.4394440731997,60.7696436671281,0,0,0,0,0,0,0,0,277.269883703076
0,0,9.9590000954678,9.9590000954678,9.82693358684474,9.82693358684474,10.4264032851141,10.4264032851141,10.3097980542064,10.3097980542064,10.0661493212062,10.0661493212062,10.3281511064142,10.3281511064142,10.5556069157553,10.5556069157553,10.2884665761048,10.2884665761048,9.84611263741189,9.84611263741189,44.3924939182454,8.77341989232638,0,0,0,0,0,0,0,0,49.0780709554959,60.4336152240226,0,0,0,0,0,0,0,0,274.528141047365
0,0,9.76445717536678,9.76445717536677,10.322583759311,10.322583759311,10.0749321629331,10.0749321629331,9.61745168523421,9.61745168523421,10.2206301704173,10.2206301704173,10.0514358517945,10.0514358517945,9.91358674229886,9.91358674229886,9.90855460140505,9.90855460140505,10.1680541814255,10.1680541814255,43.6510680451618,8.79404916295605,0,0,0,0,0,0,0,0,48.1726300778885,58.5719995457651,0,0,0,0,0,0,0,0,268.167756848189
0,0,10.3772009315177,10.3772009315177,10.0245681349762,10.0245681349761,10.47493146348,10.47493146348,10.1027659245693,10.1027659245693,10.0365243299972,10.0365243299972,10.4923773736318,10.4923773736318,9.91139924470614,9.91139924470613,9.68027033459404,9.68027033459404,9.61386792509748,9.61386792509748,43.9838620718218,9.58312447219187,0,0,0,0,0,0,0,0,48.4711903029774,58.3333064310951,0,0,0,0,0,0,0,0,270.590832992408
0,0,10.1393309142055,10.1393309142055,10.276657327658,10.276657327658,9.57426663659949,9.57426663659949,9.62732272064775,9.62732272064775,9.09310421177943,9.09310421177943,9.85474920622047,9.85474920622046,10.1062497048409,10.1062497048409,9.90405825622639,9.90405825622638,9.9823368866805,9.9823368866805,42.9730624061479,8.88054226807117,0,0,0,0,0,0,0,0,47.316513412073,56.8211346581176,0,0,0,0,0,0,0,0,262.289882317193
0,0,9.86208362495717,9.86208362495716,10.022209313932,10.022209313932,10.4472287831127,10.4472287831127,9.93612375806553,9.93612375806553,10.1259653992283,10.1259653992283,10.4255220071972,10.4255220071972,10.5885555942973,10.5885555942973,9.69914688147537,9.69914688147536,10.594800647016,10.594800647016,44.4418966565457,8.6524478044601,0,0,0,0,0,0,0,0,49.1488410764171,60.7267179767082,0,0,0,0,0,0,0,0,274.995290617645
0,0,9.91619461178464,9.91619461178464,9.99608969232233,9.99608969232232,10.5151791709476,10.5151791709476,10.0043608820833,10.0043608820833,9.90527133036638,9.90527133036638,10.1445545595675,10.1445545595675,9.81255875065769,9.81255875065769,9.60186579607833,9.60186579607833,9.6831220589243,9.68312205892429,43.4324346093261,9.22746969272055,0,0,0,0,0,0,0,0,47.857992021222,57.4517512658535,0,0,0,0,0,0,0,0,266.116128789031
0,0,9.72435512996378,9.72435512996377,9.59584357418123,9.59584357418123,10.0913183237266,10.0913183237266,9.64521228886375,9.64521228886375,9.88149728741058,9.88149728741057,10.5803618546709,10.5803618546709,9.98558816914973,9.98558816914973,10.3200011965344,10.3200011965344,9.67095693896186,9.67095693896186,43.3706792696369,8.27226752664937,0,0,0,0,0,0,0,0,47.9098253403394,58.5556797363266,0,0,0,0,0,0,0,0,266.088352908983
0,0,9.39748842730798,9.39748842730798,9.75709581023745,9.75709581023745,9.84086270059236,9.84086270059236,9.91127696500061,9.9112769650006,9.60907860290637,9.60907860290637,9.64652201604476,9.64652201604476,9.97955836130964,9.97955836130963,9.57370295367684,9.57370295367684,9.94203541191074,9.94203541191074,42.4956183594195,8.26539598187157,0,0,0,0,0,0,0,0,46.8556766186299,56.4188901389541,0,0,0,0,0,0,0,0,258.72923017888
0,0,10.1507387806646,10.1507387806646,9.80617679910955,9.80617679910955,10.2809607116754,10.2809607116754,10.1553888646892,10.1553888646892,9.61959698752574,9.61959698752574,10.2139712311745,10.2139712311745,10.3451916828738,10.3451916828738,10.1410319089315,10.1410319089315,10.2646980070952,10.2646980070952,44.1112759814014,8.77512892077243,0,0,0,0,0,0,0,0,48.7202514809387,59.7590801556616,0,0,0,0,0,0,0,0,272.052406386146
0,0,9.73031542850096,9.73031542850095,9.80536278184009,9.80536278184009,10.0000307544966,10.0000307544966,10.1557448396615,10.1557448396615,9.88440297551763,9.88440297551763,9.96588478319808,9.96588478319808,10.103851706792,10.103851706792,9.76463977853216,9.76463977853215,9.88312059270553,9.88312059270553,43.2817148736177,8.61164318876895,0,0,0,0,0,0,0,0,47.7584562355244,57.8913700546458,0,0,0,0,0,0,0,0,265.163881906317
0,0,10.5548455815081,10.5548455815081,10.0241930919386,10.0241930919386,10.0193921156892,10.0193921156892,9.44884769545932,9.44884769545932,9.96939818554424,9.96939818554423,10.0366342670208,10.0366342670208,9.89076573608751,9.89076573608751,9.7333504459093,9.7333504459093,9.9391636960411,9.9391636960411,43.4722575346683,9.3206876113637,0,0,0,0,0,0,0,0,47.8691300932901,57.42853700013,0,0,0,0,0,0,0,0,266.308591076894
0,0,9.76609180046157,9.76609180046157,9.884402642523,9.884402642523,9.84400579355155,9.84400579355154,9.76681156990895,9.76681156990894,10.3067284769692,10.3067284769692,10.0939430825738,10.0939430825738,10.1482811743109,10.1482811743109,10.3248559739959,10.3248559739959,10.0085965172461,10.0085965172461,43.6839392683125,8.32673239042343,0,0,0,0,0,0,0,0,48.2781859473182,59.2575067517391,0,0,0,0,0,0,0,0,268.70564619849
0,0,10.0544862687152,10.0544862687152,10.0953790338209,10.0953790338209,10.2596755077444,10.2596755077444,9.94223329976216,9.94223329976216,9.71339707989672,9.71339707989672,9.84659726135932,9.84659726135932,9.80367505230443,9.80367505230443,10.1616190163521,10.1616190163521,10.0562308900293,10.0562308900293,43.6180905320896,9.03950116662577,0,0,0,0,0,0,0,0,48.0891616944243,58.1891531347878,0,0,0,0,0,0,0,0,267.716610335789
0,0,10.373656768349,10.373656768349,10.1817317749824,10.1817317749824,9.96488059092211,9.96488059092211,9.75898063739702,9.75898063739702,9.73774526917176,9.73774526917176,9.77906828422032,9.77906828422032,9.53952353665392,9.53952353665392,9.87357275522893,9.87357275522893,9.72919828139581,9.72919828139581,43.1513102111073,9.43359600902022,0,0,0,0,0,0,0,0,47.4691229571536,56.4975136168997,0,0,0,0,0,0,0,0,263.547930481653
0,0,10.5539179745263,10.5539179745263,9.85860594103518,9.85860594103517,10.0160061122902,10.0160061122902,9.9072521495118,9.90725214951179,11.2859517396547,11.2859517396547,10.7394376168193,10.7394376168193,10.0727593116372,10.0727593116372,10.5966199985863,10.5966199985863,9.78894547566485,9.78894547566485,44.9618564105864,9.03350990099641,0,0,0,0,0,0,0,0,49.7352419253128,61.4360578527955,0,0,0,0,0,0,0,0,279.29745309691
0,0,10.2349811836756,10.2349811836756,10.5133410916937,10.5133410916937,10.064385905505,10.064385905505,10.074518605166,10.074518605166,9.71005311068081,9.71005311068081,10.1735216967024,10.1735216967024,9.45069647959178,9.45069647959178,9.80422133588794,9.80422133588794,9.96511616682517,9.96511616682517,43.6551571122187,9.56954146156884,0,0,0,0,0,0,0,0,48.0630886681775,57.569493864776,0,0,0,0,0,0,0,0,267.753156257144
0,0,9.76426199681895,9.76426199681895,9.56247163980774,9.56247163980774,10.147624404566,10.147624404566,9.91799771275503,9.91799771275503,10.085499148906,10.085499148906,9.45410851182818,9.45410851182818,9.99605886829697,9.99605886829697,10.0434345976264,10.0434345976264,9.65668868709787,9.65668868709787,42.9627047020964,8.5656143976179,0,0,0,0,0,0,0,0,47.3790561172244,57.1603451222035,0,0,0,0,0,0,0,0,262.494900716214
0,0,9.65363753425864,9.65363753425864,9.58438999462614,9.58438999462613,10.3049335264513,10.3049335264513,9.80893917312139,9.80893917312138,10.1448783326629,10.1448783326629,9.88283581429944,9.88283581429944,10.0334401941991,10.0334401941991,10.0957783956474,10.0957783956474,9.98046551656933,9.98046551656933,43.3695989868664,8.36608588815563,0,0,0,0,0,0,0,0,47.8980940586778,58.434220192375,0,0,0,0,0,0,0,0,266.038376705799
0,0,9.939033223465,9.93903322346499,10.6055563100472,10.6055563100472,10.4100032785878,10.4100032785878,10.3953311225546,10.3953311225546,9.40575391792727,9.40575391792726,10.4877956982817,10.4877956982817,10.2759742288906,10.2759742288906,9.75484017271085,9.75484017271085,9.31909482247475,9.31909482247475,43.9341461911492,9.61555930827035,0,0,0,0,0,0,0,0,48.4068616913323,58.2033273603592,0,0,0,0,0,0,0,0,270.150684971944
0,0,10.0361229397385,10.0361229397385,10.4435114557635,10.4435114557635,9.52686701721785,9.52686701721785,10.3705363276592,10.3705363276592,9.62405771210266,9.62405771210266,9.55889937612135,9.55889937612135,9.81451258996288,9.81451258996288,10.2126277812133,10.2126277812133,10.1868304427216,10.1868304427216,43.5459842997018,8.99335302847206,0,0,0,0,0,0,0,0,48.003181274305,58.0760180569554,0,0,0,0,0,0,0,0,267.109494369687
0,0,9.90682320605622,9.90682320605622,10.393710640198,10.393710640198,9.88879550206654,9.88879550206654,10.286311921272,10.286311921272,9.93896617701673,9.93896617701673,9.82456427301622,9.82456427301622,9.97055769092875,9.97055769092874,9.8180462165183,9.8180462165183,10.2231193667795,10.2231193667795,43.7611988232477,9.03871642066021,0,0,0,0,0,0,0,0,48.2695644492879,58.5309812971357,0,0,0,0,0,0,0,0,268.961394036507
0,0,9.80324699591711,9.80324699591711,10.3346731946948,10.3346731946948,9.89875336051519,9.89875336051518,10.0272684288602,10.0272684288602,10.2681008030257,10.2681008030257,10.1300669518117,10.1300669518117,9.68333407904209,9.68333407904208,10.3405761217548,10.3405761217548,10.162414906901,10.162414906901,43.9391529267259,8.76821576381201,0,0,0,0,0,0,0,0,48.5252679251802,59.3173048289751,0,0,0,0,0,0,0,0,270.635857446386
0,0,9.80920934439767,9.80920934439767,10.4353400830168,10.4353400830168,10.120123607093,10.120123607093,10.0502986816894,10.0502986816894,10.4039312516005,10.4039312516005,10.6871802888826,10.6871802888826,9.58467739319406,9.58467739319406,9.79219869072126,9.79219869072126,9.69257205193954,9.69257205193954,43.8955061991059,9.20743758179324,0,0,0,0,0,0,0,0,48.428859520648,58.5979804545532,0,0,0,0,0,0,0,0,270.092129418436
0,0,9.7269589358366,9.7269589358366,10.0915661499288,10.0915661499288,10.2507115255177,10.2507115255177,10.4721892499872,10.4721892499872,9.9368850095823,9.9368850095823,10.3191364219061,10.3191364219061,9.69989888515905,9.69989888515905,10.3137578995928,10.3137578995928,9.6245711236483,9.6245711236483,43.8319874029544,8.94966000148316,0,0,0,0,0,0,0,0,48.382414285437,58.8094421413323,0,0,0,0,0,0,0,0,269.670826012391
0,0,10.2973142624436,10.2973142624436,9.69176488967195,9.69176488967195,9.78565198616749,9.78565198616749,10.2878245563289,10.2878245563289,10.0595242393542,10.0595242393542,10.1554239206125,10.1554239206125,10.2023201489611,10.2023201489611,10.0600842292949,10.0600842292949,9.75427942492596,9.75427942492596,43.7685193514902,8.86923413381184,0,0,0,0,0,0,0,0,48.3039805234294,58.7390772489324,0,0,0,0,0,0,0,0,269.124156162431
0,0,9.45710314172412,9.45710314172412,10.3203468523566,10.3203468523566,10.0629519450469,10.0629519450469,9.92625246503156,9.92625246503156,9.98335360979751,9.98335360979751,10.4787211660064,10.4787211660064,9.47566847263533,9.47566847263533,10.0546909678946,10.0546909678946,10.0126869131042,10.0126869131042,43.5106589137173,8.64970759963648,0,0,0,0,0,0,0,0,48.0324214068458,58.414649525433,0,0,0,0,0,0,0,0,267.09197954734
0,0,9.44003362877425,9.44003362877424,10.3901573646105,10.3901573646105,10.2100675913334,10.2100675913334,10.112034138342,10.112034138342,10.2618491909221,10.2618491909221,10.1209107538818,10.1209107538818,10.2356459609598,10.2356459609598,9.57565996516659,9.57565996516659,10.0704492663709,10.0704492663709,43.8154921116647,8.78776569429974,0,0,0,0,0,0,0,0,48.3884849534829,58.9799013523071,0,0,0,0,0,0,0,0,269.632810631911
0,0,9.97869170891429,9.97869170891429,10.1194719471215,10.1194719471215,10.6054652542182,10.6054652542182,10.6659803539946,10.6659803539946,9.98567987871496,9.98567987871496,9.760874079509,9.76087407950899,10.2798753741569,10.2798753741569,10.2073296430632,10.2073296430632,9.49831561973803,9.49831561973802,44.1653560851895,9.38332990120851,0,0,0,0,0,0,0,0,48.7228966497014,59.0718926355127,0,0,0,0,0,0,0,0,272.266492191163
0,0,10.2788008177035,10.2788008177035,10.0219617513075,10.0219617513075,10.1048420553466,10.1048420553466,9.92915581712407,9.92915581712407,9.47132380580226,9.47132380580226,9.91000173297305,9.91000173297305,10.3959606705033,10.3959606705033,9.49745419659254,9.49745419659254,9.92968708238634,9.92968708238634,43.4341609500394,9.20156151127764,0,0,0,0,0,0,0,0,47.8424835374694,57.5132269631198,0,0,0,0,0,0,0,0,266.061880344357
0,0,10.0630921158176,10.0630921158176,10.673317216817,10.673317216817,9.87342672041217,9.87342672041217,9.87149556235671,9.87149556235671,10.3820566937495,10.3820566937495,9.96139327064256,9.96139327064255,9.92582436389467,9.92582436389467,9.93668925277361,9.93668925277361,9.77380460171756,9.77380460171756,43.8622422642295,9.36465700893453,0,0,0,0,0,0,0,0,48.3502671360942,58.3273417939341,0,0,0,0,0,0,0,0,269.6579113722
0,0,10.0090914590452,10.0090914590452,9.98521923983041,9.98521923983041,10.3114652973558,10.3114652973558,9.83632948138955,9.83632948138955,10.0658274911264,10.0658274911264,10.0927586380002,10.0927586380002,9.70991564696646,9.70991564696646,10.1633217303128,10.1633217303128,9.41432928326477,9.41432928326477,43.4357300722986,9.13167892877097,0,0,0,0,0,0,0,0,47.8715999775256,57.5799868970011,0,0,0,0,0,0,0,0,266.181714726085
0,0,9.66457794193033,9.66457794193033,9.88951923925244,9.88951923925244,9.61271345394305,9.61271345394305,10.2993141716793,10.2993141716793,10.0793155502803,10.0793155502803,9.65648780997973,9.65648780997973,10.2221356464829,10.2221356464829,9.63476558620258,9.63476558620258,10.315705317407,10.315705317407,43.3168457873571,8.38372924912581,0,0,0,0,0,0,0,0,47.829545638526,58.2782854399115,0,0,0,0,0,0,0,0,265.573074150837
0,0,9.68309966470331,9.68309966470331,9.64089835536352,9.64089835536351,9.97191983244447,9.97191983244447,10.0759602220914,10.0759602220914,9.70172197687782,9.70172197687782,10.331559995686,10.331559995686,9.96543811069122,9.96543811069122,10.0333689068063,10.0333689068063,9.95639141606894,9.95639141606894,43.3100441842762,8.32586983469064,0,0,0,0,0,0,0,0,47.8288180680935,58.344328216109,0,0,0,0,0,0,0,0,265.544839805434
0,0,10.0838502632636,10.0838502632636,9.85037876883192,9.85037876883192,9.77093841178384,9.77093841178384,10.1592947228515,10.1592947228515,10.5547295532044,10.5547295532044,9.9233310451265,9.9233310451265,9.66699967774912,9.66699967774912,10.1467795545072,10.1467795545072,9.89194850172528,9.89194850172528,43.642052145166,8.83322940538179,0,0,0,0,0,0,0,0,48.163409122428,58.4613533826493,0,0,0,0,0,0,0,0,268.097776409903
0,0,9.54124473671703,9.54124473671703,10.3166248933036,10.3166248933036,10.1416877385934,10.1416877385934,9.54704490835745,9.54704490835745,9.82591081803345,9.82591081803345,9.84942632244764,9.84942632244764,10.1697493919453,10.1697493919453,9.51725481148339,9.51725481148339,9.71082084648341,9.71082084648341,42.9700960681423,8.82978413423514,0,0,0,0,0,0,0,0,47.3501838252743,56.8469376287989,0,0,0,0,0,0,0,0,262.409941074686
0,0,9.53568459533521,9.53568459533521,10.1601744281912,10.1601744281912,9.70171131114063,9.70171131114063,9.48661694570539,9.48661694570539,9.47847764392898,9.47847764392897,10.2399744585019,10.2399744585019,10.4747646991169,10.4747646991169,10.5913917297766,10.5913917297766,9.83967768018983,9.83967768018983,43.3944146819086,8.06793873147253,0,0,0,0,0,0,0,0,47.949364604706,58.9266366730672,0,0,0,0,0,0,0,0,266.331894404839
0,0,9.76554375512347,9.76554375512347,9.8570959756325,9.8570959756325,10.1825121747641,10.1825121747641,9.48870741881274,9.48870741881273,9.51307467614063,9.51307467614063,9.60497466422231,9.60497466422231,9.77577201477319,9.77577201477319,9.54916098042436,9.54916098042435,10.0996493858056,10.0996493858056,42.6059143727766,8.69212614200853,0,0,0,0,0,0,0,0,46.9174518096033,56.1458389361382,0,0,0,0,0,0,0,0,259.376956841696
0,0,10.6152725180989,10.6152725180989,10.3454939790468,10.3454939790468,9.89111053550017,9.89111053550016,9.68734158321053,9.68734158321053,9.91613385801081,9.91613385801081,10.037599011652,10.037599011652,9.69725120608441,9.69725120608441,10.1048387303734,10.1048387303734,9.89621851172331,9.89621851172331,43.7571112424162,9.52463488582712,0,0,0,0,0,0,0,0,48.1811907466312,57.8737197567784,0,0,0,0,0,0,0,0,268.598842498984
0,0,9.91986300598226,9.91986300598226,9.88139587207818,9.88139587207818,10.8396904897272,10.8396904897272,10.3426927681934,10.3426927681934,9.83640590351297,9.83640590351297,10.375374497893,10.375374497893,9.98496109504485,9.98496109504485,10.3622823858023,10.3622823858023,10.1830879970507,10.1830879970507,44.4620841437905,8.94262762475124,0,0,0,0,0,0,0,0,49.1350590374305,60.4071680186689,0,0,0,0,0,0,0,0,275.016905422868
0,0,9.56229908432434,9.56229908432434,9.7314078479785,9.7314078479785,10.0577418973815,10.0577418973815,10.1200669667059,10.1200669667059,9.85964237799772,9.85964237799772,9.61899535269337,9.61899535269337,10.2915614010082,10.2915614010082,10.2554305869001,10.2554305869001,10.0487132205834,10.0487132205834,43.4024647044164,8.24710336414227,0,0,0,0,0,0,0,0,47.9482606811625,58.6928413041181,0,0,0,0,0,0,0,0,266.357643666494
0,0,9.75341123861882,9.75341123861882,9.36750137009946,9.36750137009946,10.4052360584073,10.4052360584073,9.5053751119684,9.50537511196839,10.0804873988228,10.0804873988228,9.92041435352543,9.92041435352543,10.0546755184732,10.0546755184732,10.1494893033881,10.1494893033881,10.3982696028756,10.3982696028756,43.4442660812015,8.1251765534867,0,0,0,0,0,0,0,0,48.0109306827344,58.9501492238377,0,0,0,0,0,0,0,0,266.759467935003
0,0,9.75656022626311,9.7565602262631,9.76476262352413,9.76476262352413,10.2819108941217,10.2819108941217,10.4562241941468,10.4562241941468,10.074499650014,10.074499650014,10.11759527451,10.11759527451,10.1613618435909,10.1613618435909,9.68533940447342,9.68533940447342,10.5749534602333,10.5749534602333,44.0370316493699,8.57289248494611,0,0,0,0,0,0,0,0,48.6769712860503,59.8203646508512,0,0,0,0,0,0,0,0,271.602159672252
0,0,9.86391850793678,9.86391850793677,10.0259791628558,10.0259791628558,9.66022184977442,9.66022184977442,9.43051020156791,9.4305102015679,10.1485994503028,10.1485994503028,9.82541664533524,9.82541664533523,10.138944237665,10.138944237665,9.90903256823808,9.90903256823808,9.85908053896252,9.85908053896252,43.0811624348236,8.53678018492506,0,0,0,0,0,0,0,0,47.5160389067677,57.4897930771154,0,0,0,0,0,0,0,0,263.469612885685
0,0,9.78575211855759,9.78575211855759,10.2679256415161,10.2679256415161,9.79829801608887,9.79829801608887,10.1224712829747,10.1224712829747,9.99044348477572,9.99044348477572,10.2905787272043,10.2905787272043,10.233881141672,10.233881141672,10.2204733174399,10.2204733174399,9.8149910234204,9.8149910234204,43.8764980057297,8.69817206177665,0,0,0,0,0,0,0,0,48.4607452786736,59.253391346089,0,0,0,0,0,0,0,0,270.146304773033
0,0,9.87892691914809,9.87892691914809,10.140340471938,10.140340471938,9.39158036637774,9.39158036637774,10.0037707175886,10.0037707175886,10.0623518055084,10.0623518055084,9.83481869312671,9.83481869312671,10.2529811877149,10.2529811877149,9.70947603024867,9.70947603024867,9.68370622107642,9.68370622107641,43.1245795393201,8.71693620179877,0,0,0,0,0,0,0,0,47.5500773990673,57.3495495032864,0,0,0,0,0,0,0,0,263.764098298783
0,0,10.0047843226028,10.0047843226028,10.2041103365007,10.2041103365007,9.95259676192478,9.95259676192477,9.90535007657407,9.90535007657407,10.1416809976266,10.1416809976266,9.97087623765846,9.97087623765845,10.0517761359566,10.0517761359566,9.90838976783891,9.90838976783891,9.47634770424625,9.47634770424625,43.4482628900316,9.12399952709461,0,0,0,0,0,0,0,0,47.8870380615196,57.6159523613644,0,0,0,0,0,0,0,0,266.289001152437
0,0,9.54487641378782,9.54487641378782,10.5218006082815,10.5218006082815,9.95893532641507,9.95893532641507,9.87294853968471,9.87294853968471,10.0827598466347,10.0827598466347,10.469642597698,10.469642597698,10.2596381707792,10.2596381707792,10.3878258095552,10.3878258095552,10.1978047125713,10.1978047125713,44.2452311653877,8.48044481087682,0,0,0,0,0,0,0,0,48.9342852279591,60.4722182660211,0,0,0,0,0,0,0,0,273.40312781969
0,0,10.6856045377574,10.6856045377574,9.62998473664221,9.62998473664221,9.99853470873811,9.99853470873811,9.69170500506599,9.69170500506599,9.85321952666593,9.85321952666593,10.2191231911656,10.2191231911656,11.0078259314409,11.0078259314408,9.6959532687895,9.6959532687895,10.0709400851364,10.0709400851364,44.0557590925847,8.93671456459088,0,0,0,0,0,0,0,0,48.6234197774663,59.3803153937993,0,0,0,0,0,0,0,0,271.461294941693
