Pd_bus1,Qd_bus1,Pd_bus2,Qd_bus2,Pd_bus3,Qd_bus3,Pd_bus4,Qd_bus4,Pd_bus5,Qd_bus5,Pd_bus6,Qd_bus6,Pd_bus7,Qd_bus7,Pd_bus8,Qd_bus8,Pd_bus9,Qd_bus9,Pd_bus10,Qd_bus10,Pd_bus11,Qd_bus11,Pd_bus12,Qd_bus12,Pd_bus13,Qd_bus13,Pd_bus14,Qd_bus14,Pd_bus15,Qd_bus15,Pd_bus16,Qd_bus16,Pd_bus17,Qd_bus17,Pd_bus18,Qd_bus18,Pd_bus19,Qd_bus19,Pd_bus20,Qd_bus20,Pg_bus1,Qg_bus1,Pg_bus2,Qg_bus2,Pg_bus3,Qg_bus3,Pg_bus4,Qg_bus4,Pg_bus5,Qg_bus5,Pg_bus6,Qg_bus6,Pg_bus7,Qg_bus7,Pg_bus8,Qg_bus8,Pg_bus9,Qg_bus9,Pg_bus10,Qg_bus10,Pg_bus11,Qg_bus11,Pg_bus12,Qg_bus12,Pg_bus13,Qg_bus13,Pg_bus14,Qg_bus14,Pg_bus15,Qg_bus15,Pg_bus16,Qg_bus16,Pg_bus17,Qg_bus17,Pg_bus18,Qg_bus18,Pg_bus19,Qg_bus19,Pg_bus20,Qg_bus20,Objective
0,0,10.2601696472889,10.2601696472889,10.2927959390418,10.2927959390418,10.1012170757138,10.1012170757138,9.70117177101551,9.70117177101551,9.84303579049407,9.84303579049407,9.61076575684978,9.61076575684978,10.2752165767438,10.2752165767438,10.0529804885853,10.0529804885853,10.2265539807032,10.2265539807032,9.82255001206842,9.82255001206842,10.5533168911002,10.5533168911001,10.545076674754,10.545076674754,9.96284999491623,9.96284999491622,9.66681959348181,9.66681959348181,9.79572823591983,9.79572823591982,10.0042507979193,10.0042507979193,9.98213481686228,9.98213481686228,9.8016966956619,9.8016966956619,10.0917852745207,10.0917852745207,65.2399655678565,10.1848176777483,0,0,0,0,0,0,0,0,42.5553981719696,37.3232187942629,0,0,0,0,0,0,0,0,49.9999468156288,44.1719035485233,0,0,0,0,0,0,0,0,39.0682741388106,59.7201241451036,0,0,0,0,0,0,0,0,654.258951392035
0,0,9.61544355313455,9.61544355313455,9.91452915116107,9.91452915116107,9.98056394323264,9.98056394323263,10.3001149566517,10.3001149566517,9.75960121050664,9.75960121050663,10.0275400045755,10.0275400045755,10.0821414375813,10.0821414375813,9.35995973217461,9.35995973217461,10.1211931841648,10.1211931841648,9.7124501771954,9.7124501771954,9.90210494444008,9.90210494444008,10.7436086888813,10.7436086888813,10.4617228156218,10.4617228156218,10.2481032687715,10.2481032687715,9.9521238322337,9.9521238322337,9.74268347527513,9.74268347527512,10.1195061899238,10.1195061899238,9.9325573472369,9.9325573472369,9.60559970688312,9.60559970688312,64.7604971832134,9.4943857103637,0,0,0,0,0,0,0,0,42.1714185435222,37.2692878801966,0,0,0,0,0,0,0,0,49.9999418568406,43.6193623326098,0,0,0,0,0,0,0,0,38.9247196914511,60.0137069290063,0,0,0,0,0,0,0,0,649.244782336236
0,0,9.73598189770166,9.73598189770166,10.3325921418572,10.3325921418572,9.86075852171961,9.8607585217196,10.1993707574144,10.1993707574144,9.84095856453455,9.84095856453455,10.0122727989612,10.0122727989612,10.0465161727412,10.0465161727412,9.9036745055313,9.90367450553129,10.6437444013312,10.6437444013312,10.2401219671754,10.2401219671754,10.3588814753083,10.3588814753083,10.6292639147966,10.6292639147966,10.1163145046066,10.1163145046066,10.3135954604483,10.3135954604483,9.58845209700562,9.58845209700562,9.71247785331085,9.71247785331085,9.19931801210781,9.19931801210781,9.75919444543032,9.75919444543032,9.86469521601318,9.86469521601318,65.1012592095584,9.80924431417787,0,0,0,0,0,0,0,0,42.4923258519784,38.1247188870868,0,0,0,0,0,0,0,0,49.9999468034024,44.7833535993237,0,0,0,0,0,0,0,0,38.9292832685829,58.1714788237144,0,0,0,0,0,0,0,0,652.480084464611
0,0,10.3344111866538,10.3344111866538,9.74399499091893,9.74399499091893,9.77237444244388,9.77237444244387,10.0293934002975,10.0293934002975,9.74511311928352,9.74511311928352,10.1682107939958,10.1682107939958,9.89575066330348,9.89575066330348,10.4112573095261,10.4112573095261,10.222306804727,10.222306804727,9.78613589173515,9.78613589173515,10.2414169854338,10.2414169854338,10.2932877121179,10.2932877121179,10.2818703364049,10.2818703364049,9.32112520957723,9.32112520957723,9.84589438093738,9.84589438093738,9.40315823744369,9.40315823744369,10.5034548571592,10.5034548571592,10.1076083447822,10.1076083447822,9.92399982340959,9.92399982340959,64.9894472181883,9.74015717365453,0,0,0,0,0,0,0,0,42.3573477029622,37.5348463136319,0,0,0,0,0,0,0,0,49.9999451630038,43.8344756575977,0,0,0,0,0,0,0,0,38.9554957919695,59.7028669336483,0,0,0,0,0,0,0,0,651.428094787938
0,0,9.78973525262461,9.78973525262461,9.80636697917305,9.80636697917304,10.2345629386416,10.2345629386416,10.0946991158931,10.0946991158931,10.3823252339716,10.3823252339716,9.97764712122215,9.97764712122215,9.30891583840061,9.3089158384006,10.2956709186217,10.2956709186217,10.3070733049523,10.3070733049523,10.039470633716,10.039470633716,10.1806166527997,10.1806166527997,9.9979557048251,9.9979557048251,10.0264137011553,10.0264137011553,9.96550797239578,9.96550797239578,9.59152446160512,9.59152446160512,9.76396867394883,9.76396867394883,9.29894785753065,9.29894785753065,10.1223465107792,10.1223465107792,9.81591455751778,9.81591455751778,64.5668861762922,9.66313799806995,0,0,0,0,0,0,0,0,41.9107982392583,37.9952649404762,0,0,0,0,0,0,0,0,49.9999436000247,43.273414069335,0,0,0,0,0,0,0,0,38.5809523273926,58.1981457088995,0,0,0,0,0,0,0,0,645.018070689769
0,0,10.2112324658203,10.2112324658203,9.74059846100996,9.74059846100996,9.91339163781422,9.91339163781422,10.1538300333386,10.1538300333386,9.5507361419821,9.55073614198209,9.56416386268864,9.56416386268864,9.75995937799108,9.75995937799108,9.50673731343579,9.50673731343579,10.4541310392837,10.4541310392837,10.2187166286373,10.2187166286373,10.062642272667,10.062642272667,10.3256843476479,10.3256843476479,10.1885877315479,10.1885877315479,9.73777006504198,9.73777006504198,10.5753482815708,10.5753482815708,10.0292446119574,10.0292446119574,10.152092899385,10.152092899385,10.3074270636351,10.3074270636351,9.72163031187618,9.72163031187618,65.0158214625501,9.78428865376632,0,0,0,0,0,0,0,0,42.3870688588002,36.2752583485436,0,0,0,0,0,0,0,0,49.999951463727,44.1260685758117,0,0,0,0,0,0,0,0,39.163447092186,61.1494825775445,0,0,0,0,0,0,0,0,652.924831945697
0,0,9.70503145336749,9.70503145336749,9.99058632608603,9.99058632608603,10.260627881523,10.260627881523,9.72555657828805,9.72555657828805,10.0102972489927,10.0102972489927,9.92492422969684,9.92492422969684,9.682730669426,9.68273066942599,9.74160517774691,9.74160517774691,9.89393366756662,9.89393366756662,10.2488521855332,10.2488521855332,9.8893769111617,9.8893769111617,10.0184742605444,10.0184742605444,10.1674106917554,10.1674106917554,9.94708591063259,9.94708591063259,10.3144724002984,10.3144724002984,10.3041349284966,10.3041349284966,9.71536907280951,9.71536907280951,9.99678880849633,9.99678880849633,9.89455046419743,9.89455046419742,64.7065746552912,9.53933136968873,0,0,0,0,0,0,0,0,42.0893054659786,37.0386770260546,0,0,0,0,0,0,0,0,49.9999411928064,43.2573323484808,0,0,0,0,0,0,0,0,38.8991489519114,60.3498181961141,0,0,0,0,0,0,0,0,648.428052596876
0,0,9.68520096524758,9.68520096524758,10.2069378294093,10.2069378294093,10.0022306444344,10.0022306444344,9.86290768856452,9.86290768856452,9.83090557007826,9.83090557007825,10.4370160452925,10.4370160452925,9.70651013412797,9.70651013412797,9.66123399478931,9.66123399478931,9.99083725632364,9.99083725632364,10.4754333782968,10.4754333782968,9.73648673418318,9.73648673418317,10.0723652860329,10.0723652860329,10.2062428018901,10.2062428018901,9.82981370460109,9.82981370460109,10.2966851585165,10.2966851585165,9.88194801600464,9.88194801600464,10.2559780441006,10.2559780441006,10.1095730295872,10.1095730295872,10.0474749315054,10.0474749315054,65.0538045566127,9.56613028340397,0,0,0,0,0,0,0,0,42.4819326009857,37.3001815316205,0,0,0,0,0,0,0,0,49.9999504079893,43.5939841306882,0,0,0,0,0,0,0,0,39.1321150312121,60.9193972820157,0,0,0,0,0,0,0,0,653.400814735068
0,0,10.1794247385333,10.1794247385333,9.83270887579042,9.83270887579041,9.64053116573562,9.64053116573562,9.35580043051469,9.35580043051469,10.0675642469601,10.0675642469601,10.1111031938931,10.1111031938931,9.43582418672467,9.43582418672467,10.0158823099443,10.0158823099443,9.78994901657311,9.78994901657311,10.0652455901893,10.0652455901893,9.46608754185945,9.46608754185944,10.1559139523037,10.1559139523037,9.893346142557,9.893346142557,10.5953788779488,10.5953788779488,9.59503456625478,9.59503456625477,9.80945770975812,9.80945770975812,9.76361585792857,9.76361585792857,10.4104353689454,10.4104353689454,10.4326945611401,10.4326945611401,64.3903200281529,9.24391897041714,0,0,0,0,0,0,0,0,41.7554533987002,36.4510025217205,0,0,0,0,0,0,0,0,49.9999416899291,42.7856447235351,0,0,0,0,0,0,0,0,38.7741827708119,60.950960889717,0,0,0,0,0,0,0,0,644.546020514384
0,0,10.0907165905108,10.0907165905108,10.613744073856,10.613744073856,10.0519789685332,10.0519789685331,10.0198948982025,10.0198948982025,9.3942680579055,9.3942680579055,9.27280873273151,9.27280873273151,10.3905281208957,10.3905281208957,10.5830097217127,10.5830097217127,10.0781642452839,10.0781642452839,9.88848806996615,9.88848806996615,9.82632947421157,9.82632947421157,10.3115101792795,10.3115101792795,10.5570653466723,10.5570653466723,10.3191938666151,10.319193866615,10.4129633681635,10.4129633681635,10.1969315559251,10.1969315559251,9.32482619431267,9.32482619431267,9.56877489228142,9.56877489228141,10.443354797327,10.4433547973269,65.5344035177241,10.4145594164482,0,0,0,0,0,0,0,0,42.8585792482556,37.0425938610455,0,0,0,0,0,0,0,0,49.9999551132071,44.4015408890434,0,0,0,0,0,0,0,0,39.3330657123722,60.6620211131695,0,0,0,0,0,0,0,0,658.737188302662
0,0,9.61109825243247,9.61109825243247,9.34656827175278,9.34656827175278,10.3024971740715,10.3024971740715,9.65500470688303,9.65500470688302,9.75493378650546,9.75493378650546,10.0443004141045,10.0443004141045,10.1667058418419,10.1667058418419,10.3331737951369,10.3331737951369,9.84223752976911,9.84223752976911,10.0519910134066,10.0519910134066,9.75902045793166,9.75902045793166,9.90010044103818,9.90010044103818,10.1933176386783,10.1933176386783,10.1810348964909,10.1810348964909,10.4112091076314,10.4112091076314,10.1138753323421,10.1138753323421,10.0660152744763,10.0660152744763,9.62071961542733,9.62071961542733,9.85840032472838,9.85840032472838,64.5587947262757,8.88103779511874,0,0,0,0,0,0,0,0,42.05215755861,37.461818609259,0,0,0,0,0,0,0,0,49.9999438358606,43.5422490132922,0,0,0,0,0,0,0,0,38.9008759256789,60.2192013292515,0,0,0,0,0,0,0,0,647.570984129737
0,0,9.73846286032821,9.73846286032821,10.8933909038041,10.8933909038041,9.90282276244373,9.90282276244373,10.5951443655893,10.5951443655893,10.1123460590927,10.1123460590927,10.2264147997646,10.2264147997646,10.0028590972848,10.0028590972848,10.0855484850448,10.0855484850448,9.98937705329906,9.98937705329906,9.8064860354377,9.80648603543769,10.2049241246839,10.2049241246839,9.7807508394465,9.7807508394465,9.40819285092735,9.40819285092735,10.0495192005463,10.0495192005463,9.29206782889359,9.29206782889359,10.3932706281084,10.3932706281084,10.3144585120376,10.3144585120376,10.6080398460553,10.6080398460553,9.84218719502994,9.84218719502993,65.5378346940092,10.5219991841683,0,0,0,0,0,0,0,0,42.8612648104645,38.3064113964308,0,0,0,0,0,0,0,0,49.9999492571806,42.7260879393716,0,0,0,0,0,0,0,0,39.1676351601216,60.5957252220156,0,0,0,0,0,0,0,0,657.78975518839
0,0,10.3201563475082,10.3201563475082,9.92969500542023,9.92969500542023,10.4667006345446,10.4667006345446,10.8756546057706,10.8756546057706,10.1456731415845,10.1456731415845,9.85148930709796,9.85148930709796,9.93252328801602,9.93252328801602,10.2386835917178,10.2386835917178,9.8335768494964,9.8335768494964,9.73811313307252,9.73811313307252,10.0463821867197,10.0463821867197,10.6012978043315,10.6012978043315,10.3152764424,10.3152764424,10.0283537478955,10.0283537478955,9.7536492461294,9.75364924612939,10.1279349424978,10.1279349424978,10.3803562858193,10.3803562858193,9.76009338231425,9.76009338231425,10.0130111508553,10.0130111508553,65.9745197465022,10.786888622869,0,0,0,0,0,0,0,0,43.3117278371952,38.307758433635,0,0,0,0,0,0,0,0,49.9999552689732,43.7076596982517,0,0,0,0,0,0,0,0,39.4505226638684,60.6937244391371,0,0,0,0,0,0,0,0,663.806462084888
0,0,10.3338336189972,10.3338336189972,10.1009732278949,10.1009732278949,10.2352700724887,10.2352700724887,9.8624471647031,9.8624471647031,9.85348293168784,9.85348293168784,10.2600665782449,10.2600665782449,10.2067100606954,10.2067100606954,10.3830372343761,10.3830372343761,10.1737251330474,10.1737251330474,10.0019475448759,10.0019475448759,10.0016093361241,10.0016093361241,10.1766487499823,10.1766487499823,10.0606903867523,10.0606903867523,10.164920016377,10.164920016377,10.1037552134781,10.1037552134781,10.5716055493219,10.5716055493219,9.95261903110059,9.95261903110059,9.87450694304842,9.87450694304842,9.6505370190301,9.6505370190301,65.7669683893706,10.2300547259509,0,0,0,0,0,0,0,0,43.1562102888543,38.2744584254358,0,0,0,0,0,0,0,0,49.9999564150447,44.1992117248167,0,0,0,0,0,0,0,0,39.4047695929559,60.3746731653978,0,0,0,0,0,0,0,0,661.770521143036
0,0,9.65312961345685,9.65312961345685,9.98140280309072,9.98140280309072,10.0825064930329,10.0825064930329,9.70899907699493,9.70899907699493,10.1281821107406,10.1281821107406,9.6891324757084,9.6891324757084,9.85290178641205,9.85290178641205,10.2317222556263,10.2317222556263,9.86546558011669,9.86546558011669,9.72277963657546,9.72277963657546,10.0298323882168,10.0298323882168,10.1847022962901,10.1847022962901,9.49212613908109,9.49212613908109,10.1082403398605,10.1082403398605,9.4315609259239,9.4315609259239,9.73450840530797,9.73450840530797,10.0261069427773,10.0261069427773,10.0468008637899,10.0468008637899,10.0712268038444,10.0712268038444,64.178797005765,9.38849314093029,0,0,0,0,0,0,0,0,41.5130191447826,37.1433751197148,0,0,0,0,0,0,0,0,49.9999368188002,42.5658987238142,0,0,0,0,0,0,0,0,38.4741173367819,59.2271243515525,0,0,0,0,0,0,0,0,640.59828286633
0,0,10.8644817366356,10.8644817366356,10.0190236487921,10.0190236487921,9.94166574949318,9.94166574949318,10.2422265894724,10.2422265894724,9.8045917260836,9.8045917260836,9.92616394947442,9.92616394947441,9.72088542977017,9.72088542977017,9.72362674255509,9.72362674255509,10.1944960558717,10.1944960558717,10.2851385262376,10.2851385262376,10.222770758608,10.222770758608,9.96630000911326,9.96630000911325,9.49238248886092,9.49238248886092,9.70291419072886,9.70291419072885,9.83799039827496,9.83799039827496,10.0221241389117,10.0221241389117,10.1238730266706,10.1238730266706,10.2600900734542,10.2600900734542,9.76343232969854,9.76343232969854,65.1109724704037,10.7503967488488,0,0,0,0,0,0,0,0,42.2897313668049,37.0976034507908,0,0,0,0,0,0,0,0,49.9999418362508,43.0688226791184,0,0,0,0,0,0,0,0,38.8603969628359,59.5726532534019,0,0,0,0,0,0,0,0,651.083794885565
0,0,10.2612521922057,10.2612521922057,10.0465649521348,10.0465649521348,10.132734897708,10.132734897708,9.97179811042353,9.97179811042353,9.74984891628062,9.74984891628062,9.92136212455448,9.92136212455448,10.1259794848279,10.1259794848279,9.63102890510579,9.63102890510579,9.83013812592804,9.83013812592804,9.79595815245268,9.79595815245268,9.66625118854141,9.6662511885414,10.6713703315417,10.6713703315417,10.1154811795063,10.1154811795063,9.99367172405094,9.99367172405094,9.50201391599623,9.50201391599623,9.98904502271717,9.98904502271717,9.97973478954278,9.97973478954277,9.71084570142719,9.71084570142719,9.92797622817914,9.92797622817913,64.6303979221805,10.2005483712716,0,0,0,0,0,0,0,0,41.860613530742,37.0786072394147,0,0,0,0,0,0,0,0,49.999938862098,42.7761960727396,0,0,0,0,0,0,0,0,38.6431099402685,59.2393955711323,0,0,0,0,0,0,0,0,645.415694851086
0,0,10.1939970893365,10.1939970893365,10.1979980018023,10.1979980018023,9.69490885510835,9.69490885510835,9.97177871174039,9.97177871174039,10.2024216089217,10.2024216089217,10.0029019097664,10.0029019097664,10.3445213945367,10.3445213945367,10.1796102555792,10.1796102555792,9.64677921884642,9.64677921884641,9.28861861095774,9.28861861095773,10.2359269882045,10.2359269882045,9.32362439702846,9.32362439702845,10.0918159172345,10.0918159172345,10.5723068450157,10.5723068450157,10.0846853290325,10.0846853290325,9.8881589478974,9.8881589478974,10.0717491730816,10.0717491730816,9.94517177547072,9.94517177547071,10.0608558048615,10.0608558048615,64.9828441327673,9.91178640664954,0,0,0,0,0,0,0,0,42.3164204678278,37.8456758184743,0,0,0,0,0,0,0,0,49.9999429443963,42.4081337846788,0,0,0,0,0,0,0,0,38.9502325082558,60.5322994975521,0,0,0,0,0,0,0,0,651.157407422587
0,0,9.84805339305646,9.84805339305646,10.5021543848352,10.5021543848352,10.2459568195944,10.2459568195944,9.79057254693506,9.79057254693506,9.73459341786489,9.73459341786489,9.68205116118803,9.68205116118803,9.84682063781096,9.84682063781096,10.1383000711564,10.1383000711564,9.53110133808243,9.53110133808242,9.85436730170585,9.85436730170584,10.3886428491694,10.3886428491694,9.63777488169934,9.63777488169934,10.2110015288761,10.2110015288761,9.79993014903508,9.79993014903508,9.56405903629866,9.56405903629866,10.1510939571039,10.1510939571039,10.2093464673494,10.2093464673494,10.12437364105,10.12437364105,10.1966712687457,10.1966712687457,64.7987784535507,10.1533733549597,0,0,0,0,0,0,0,0,42.0705222076299,36.6507262569507,0,0,0,0,0,0,0,0,49.999941438393,42.8122052147639,0,0,0,0,0,0,0,0,38.8619839852608,60.5905476384897,0,0,0,0,0,0,0,0,648.537619756118
0,0,9.7875333301291,9.7875333301291,9.72754383760915,9.72754383760915,10.2495733191058,10.2495733191058,10.3081743814153,10.3081743814153,10.5854000334436,10.5854000334436,9.95624476974689,9.95624476974688,9.91525997531429,9.91525997531429,10.2788034937043,10.2788034937043,9.77398206130225,9.77398206130225,10.4253201849651,10.4253201849651,10.2324911133278,10.2324911133278,9.91998277925782,9.91998277925782,10.3021351868251,10.3021351868251,10.1639593260772,10.1639593260772,9.68391945684778,9.68391945684778,10.3856957136881,10.3856957136881,10.004838516557,10.004838516557,10.2639478878737,10.2639478878737,9.87150186454066,9.87150186454066,65.6584620452639,9.62257160587591,0,0,0,0,0,0,0,0,43.1785197229777,38.5019174378351,0,0,0,0,0,0,0,0,49.9999570429889,44.2100633590561,0,0,0,0,0,0,0,0,39.445232500865,60.8429272910442,0,0,0,0,0,0,0,0,661.623250250952
0,0,9.96003917213338,9.96003917213338,9.15058296119208,9.15058296119208,10.5588733755627,10.5588733755627,9.68444094554385,9.68444094554385,9.69025238827553,9.69025238827553,10.5049892153927,10.5049892153927,10.4077908901021,10.4077908901021,10.0673528719562,10.0673528719562,10.0564167524061,10.0564167524061,9.97719063406717,9.97719063406717,9.7860399577306,9.78603995773059,9.8322690907537,9.8322690907537,10.1063247111276,10.1063247111276,10.422614439691,10.422614439691,10.3697841242496,10.3697841242496,10.1396994770104,10.1396994770104,9.34253317667443,9.34253317667443,9.98967690966616,9.98967690966616,9.02995122743233,9.02995122743233,64.5400380054729,9.26483262704081,0,0,0,0,0,0,0,0,41.9505691233415,38.3093600400989,0,0,0,0,0,0,0,0,49.999942913501,43.3132739159898,0,0,0,0,0,0,0,0,38.6682423645011,58.4506750575237,0,0,0,0,0,0,0,0,645.606472774533
0,0,9.92990211266356,9.92990211266356,10.3763034017926,10.3763034017926,9.82753738079115,9.82753738079115,9.3156367324988,9.3156367324988,9.59417610507617,9.59417610507616,10.3565083891247,10.3565083891247,10.1678391732189,10.1678391732189,9.45622434860677,9.45622434860677,9.64704110337246,9.64704110337245,10.1257477107853,10.1257477107853,9.65113125644849,9.65113125644849,10.4781842563996,10.4781842563996,10.1092203875249,10.1092203875249,9.60750054605501,9.60750054605501,9.73447498664088,9.73447498664088,10.490848244263,10.490848244263,9.82257341534224,9.82257341534224,9.81165462242715,9.81165462242715,10.2014843502977,10.2014843502977,64.449961023921,9.58262623799233,0,0,0,0,0,0,0,0,41.7647697199909,36.680642334385,0,0,0,0,0,0,0,0,49.9999377220432,42.8852397691829,0,0,0,0,0,0,0,0,38.7068813338896,60.1379602395464,0,0,0,0,0,0,0,0,644.473160244958
0,0,10.4964929118481,10.4964929118481,10.194594204359,10.194594204359,9.85622367356608,9.85622367356608,9.62307608201429,9.62307608201429,10.2207256678952,10.2207256678952,10.0675624676242,10.0675624676242,9.95016354853531,9.95016354853531,10.3037387301233,10.3037387301233,9.6669140788737,9.6669140788737,9.99511689703322,9.99511689703322,9.59705918630015,9.59705918630015,9.96865756705183,9.96865756705183,9.46563629276487,9.46563629276487,9.52576444885434,9.52576444885434,9.48975476923456,9.48975476923456,10.1805236087823,10.1805236087823,10.2772700096015,10.2772700096015,10.0537005270599,10.0537005270599,10.3792537816164,10.3792537816164,64.7654342682232,10.1563868175598,0,0,0,0,0,0,0,0,42.0056070442003,37.4584802063436,0,0,0,0,0,0,0,0,49.9999398047732,42.0630092339365,0,0,0,0,0,0,0,0,38.7132611827237,60.0347138858921,0,0,0,0,0,0,0,0,647.183532228977
0,0,9.90830033792634,9.90830033792633,10.3516391166231,10.3516391166231,9.76320540501201,9.76320540501201,10.6021972192366,10.6021972192366,9.07858976852411,9.07858976852411,10.4619678163448,10.4619678163448,9.66230639360428,9.66230639360428,10.1331462726586,10.1331462726586,10.0437641437612,10.0437641437612,10.7722521759066,10.7722521759066,9.71780004685895,9.71780004685895,10.0617546340857,10.0617546340857,10.1936627311485,10.1936627311485,10.012856869957,10.012856869957,10.0803596947332,10.0803596947332,10.1389505404759,10.1389505404759,9.90033166018722,9.90033166018722,10.1462706886869,10.1462706886869,10.0678302091649,10.0678302091649,65.4149026829375,10.1254817868875,0,0,0,0,0,0,0,0,42.7930540098746,37.174733986,0,0,0,0,0,0,0,0,49.9999549299997,44.2721953685613,0,0,0,0,0,0,0,0,39.2828975199646,60.7095582037145,0,0,0,0,0,0,0,0,657.551661165915
0,0,9.29373931608652,9.29373931608652,9.61964856550427,9.61964856550427,10.1667144957444,10.1667144957444,10.3171077401032,10.3171077401032,9.97917778591811,9.97917778591811,10.0902911995921,10.0902911995921,9.87491992457432,9.87491992457432,9.66186571805566,9.66186571805566,9.97064938186182,9.97064938186182,9.90688191049953,9.90688191049952,10.0568648709801,10.0568648709801,9.67054099170618,9.67054099170618,10.3183086243321,10.3183086243321,10.4262934879585,10.4262934879585,10.0605689213138,10.0605689213138,10.0250057189398,10.0250057189398,9.84140615771401,9.84140615771401,10.3246764585901,10.3246764585901,10.1263743960698,10.1263743960698,64.7803930072962,9.05544680747268,0,0,0,0,0,0,0,0,42.2932898426845,37.3808734144126,0,0,0,0,0,0,0,0,49.9999509526611,43.2546589633876,0,0,0,0,0,0,0,0,39.0692963115161,61.2383877201855,0,0,0,0,0,0,0,0,650.808445337361
0,0,10.1695735151874,10.1695735151874,10.5288356809324,10.5288356809324,10.376323340536,10.376323340536,10.2276716288688,10.2276716288688,10.1776701499069,10.1776701499069,9.96501395733205,9.96501395733204,10.625989802038,10.625989802038,10.358362664541,10.358362664541,9.7468567424758,9.7468567424758,9.60563689767075,9.60563689767075,9.84408633122215,9.84408633122215,10.2797893606874,10.2797893606874,10.9707255987434,10.9707255987434,10.1144091415662,10.1144091415662,9.90321820332281,9.9032182033228,10.6336443285239,10.6336443285239,10.3406972484131,10.3406972484131,10.1312774348639,10.1312774348639,9.99004612079659,9.99004612079659,66.5992720380963,10.6783886273386,0,0,0,0,0,0,0,0,44.0409726428432,38.6278091006408,0,0,0,0,0,0,0,0,49.9999660677689,44.2053749319408,0,0,0,0,0,0,0,0,39.9735133251547,62.3872599328781,0,0,0,0,0,0,0,0,673.611909542637
0,0,9.9490000954678,9.9490000954678,9.81693358684474,9.81693358684474,10.4164032851141,10.4164032851141,10.2997980542064,10.2997980542064,10.0561493212062,10.0561493212062,10.3181511064142,10.3181511064142,10.5456069157553,10.5456069157553,10.2784665761048,10.2784665761048,9.83611263741189,9.83611263741189,9.96999139618354,9.96999139618354,9.75445717536678,9.75445717536677,10.312583759311,10.312583759311,10.0649321629331,10.0649321629331,9.60745168523421,9.60745168523421,10.2106301704173,10.2106301704173,10.0414358517945,10.0414358517945,9.90358674229886,9.90358674229886,9.89855460140505,9.89855460140505,10.1580541814255,10.1580541814255,65.5485958594408,9.99119168108118,0,0,0,0,0,0,0,0,42.9762707009445,38.8465354729497,0,0,0,0,0,0,0,0,49.9999522775376,43.463806526715,0,0,0,0,0,0,0,0,39.235695184031,60.098941858386,0,0,0,0,0,0,0,0,658.832882479962
0,0,10.3672009315177,10.3672009315177,10.0145681349762,10.0145681349761,10.46493146348,10.46493146348,10.0927659245693,10.0927659245693,10.0265243299972,10.0265243299972,10.4823773736318,10.4823773736318,9.90139924470614,9.90139924470613,9.67027033459404,9.67027033459404,9.60386792509748,9.60386792509748,10.3235682004024,10.3235682004024,10.1293309142055,10.1293309142055,10.266657327658,10.266657327658,9.56426663659949,9.56426663659949,9.61732272064775,9.61732272064775,9.08310421177943,9.08310421177943,9.84474920622047,9.84474920622046,10.0962497048409,10.0962497048409,9.89405825622639,9.89405825622638,9.9723368866805,9.9723368866805,64.836066258181,10.5723373145102,0,0,0,0,0,0,0,0,42.0275683462761,37.9840146605732,0,0,0,0,0,0,0,0,49.999947034311,42.541388809431,0,0,0,0,0,0,0,0,38.5656633119678,58.2676860306183,0,0,0,0,0,0,0,0,646.759436939777
0,0,9.85208362495717,9.85208362495716,10.012209313932,10.012209313932,10.4372287831127,10.4372287831127,9.92612375806553,9.92612375806553,10.1159653992283,10.1159653992283,10.4155220071972,10.4155220071972,10.5785555942973,10.5785555942973,9.68914688147537,9.68914688147536,10.584800647016,10.584800647016,9.99019173421036,9.99019173421036,9.90619461178464,9.90619461178464,9.98608969232233,9.98608969232232,10.5051791709476,10.5051791709476,9.9943608820833,9.9943608820833,9.89527133036638,9.89527133036638,10.1345545595675,10.1345545595675,9.80255875065769,9.80255875065769,9.59186579607833,9.59186579607833,9.6731220589243,9.67312205892429,65.3952311790214,9.88552325984321,0,0,0,0,0,0,0,0,42.8148395721517,39.0033200728239,0,0,0,0,0,0,0,0,49.9999496553875,43.9059922674915,0,0,0,0,0,0,0,0,39.0908429796119,58.9530548371394,0,0,0,0,0,0,0,0,656.440010560433
0,0,9.71435512996378,9.71435512996377,9.58584357418123,9.58584357418123,10.0813183237266,10.0813183237266,9.63521228886375,9.63521228886375,9.87149728741058,9.87149728741058,10.5703618546709,10.5703618546709,9.97558816914973,9.97558816914973,10.3100011965344,10.3100011965344,9.66095693896186,9.66095693896186,9.80603210915764,9.80603210915764,9.38748842730798,9.38748842730798,9.74709581023745,9.74709581023745,9.83086270059236,9.83086270059236,9.90127696500061,9.9012769650006,9.59907860290637,9.59907860290637,9.63652201604476,9.63652201604476,9.96955836130964,9.96955836130963,9.56370295367684,9.56370295367684,9.93203541191074,9.93203541191074,63.6626676468828,9.10736306834124,0,0,0,0,0,0,0,0,40.9757231587452,37.7529137935398,0,0,0,0,0,0,0,0,49.9999506364972,41.6925317503217,0,0,0,0,0,0,0,0,38.0655717962691,57.8885783927593,0,0,0,0,0,0,0,0,633.163590803013
0,0,10.1407387806646,10.1407387806646,9.79617679910955,9.79617679910955,10.2709607116754,10.2709607116754,10.1453888646892,10.1453888646892,9.60959698752574,9.60959698752574,10.2039712311745,10.2039712311745,10.3351916828738,10.3351916828738,10.1310319089315,10.1310319089315,10.2546980070952,10.2546980070952,9.3715195438096,9.3715195438096,9.72031542850096,9.72031542850095,9.79536278184009,9.79536278184009,9.99003075449662,9.99003075449662,10.1457448396615,10.1457448396615,9.87440297551763,9.87440297551763,9.95588478319808,9.95588478319808,10.093851706792,10.093851706792,9.75463977853216,9.75463977853215,9.87312059270553,9.87312059270553,64.7873354135882,10.0419186853169,0,0,0,0,0,0,0,0,42.0810899625784,37.868811875033,0,0,0,0,0,0,0,0,49.9999412034069,42.5287755088782,0,0,0,0,0,0,0,0,38.7414566186201,59.4202666239395,0,0,0,0,0,0,0,0,647.833900264614
0,0,10.5448455815081,10.5448455815081,10.0141930919386,10.0141930919386,10.0093921156892,10.0093921156892,9.43884769545932,9.43884769545932,9.95939818554424,9.95939818554423,10.0266342670208,10.0266342670208,9.88076573608751,9.88076573608751,9.7233504459093,9.7233504459093,9.9291636960411,9.9291636960411,9.52410044404919,9.52410044404919,9.75609180046157,9.75609180046157,9.874402642523,9.874402642523,9.83400579355155,9.83400579355154,9.75681156990895,9.75681156990894,10.2967284769692,10.2967284769692,10.0839430825738,10.0839430825738,10.1382811743109,10.1382811743109,10.3148559739959,10.3148559739959,9.9985965172461,9.99859651724609,64.654888479965,10.0647981624814,0,0,0,0,0,0,0,0,41.8942706438674,36.709298000211,0,0,0,0,0,0,0,0,49.999938719352,42.0307779892653,0,0,0,0,0,0,0,0,38.7806604891989,60.8789538734094,0,0,0,0,0,0,0,0,646.50260155386
0,0,10.0444862687152,10.0444862687152,10.0853790338209,10.0853790338209,10.2496755077444,10.2496755077444,9.93223329976216,9.93223329976216,9.70339707989672,9.70339707989672,9.83659726135932,9.83659726135932,9.79367505230443,9.79367505230443,10.1516190163521,10.1516190163521,10.0462308900293,10.0462308900293,9.86743550721887,9.86743550721887,10.363656768349,10.363656768349,10.1717317749824,10.1717317749824,9.95488059092211,9.95488059092211,9.74898063739702,9.74898063739702,9.72774526917176,9.72774526917176,9.76906828422032,9.76906828422032,9.52952353665392,9.52952353665392,9.86357275522893,9.86357275522893,9.71919828139581,9.71919828139581,64.4366314545032,10.0988891470329,0,0,0,0,0,0,0,0,41.6654094592993,37.2542761732425,0,0,0,0,0,0,0,0,49.9999470362691,43.1600186562056,0,0,0,0,0,0,0,0,38.4587421355338,58.0032566808765,0,0,0,0,0,0,0,0,642.461974064243
0,0,10.5439179745263,10.5439179745263,9.84860594103518,9.84860594103517,10.0060061122902,10.0060061122902,9.8972521495118,9.89725214951179,11.2759517396547,11.2759517396547,10.7294376168193,10.7294376168193,10.0627593116372,10.0627593116372,10.5866199985863,10.5866199985863,9.77894547566485,9.77894547566485,9.61073465057445,9.61073465057444,10.2249811836756,10.2249811836756,10.5033410916937,10.5033410916937,10.054385905505,10.054385905505,10.064518605166,10.064518605166,9.70005311068081,9.70005311068081,10.1635216967024,10.1635216967024,9.44069647959178,9.44069647959178,9.79422133588794,9.79422133588794,9.95511616682517,9.95511616682517,65.8792407485092,10.0590597945006,0,0,0,0,0,0,0,0,43.3116582220913,40.2103636870135,0,0,0,0,0,0,0,0,49.9999518864054,43.5861966650243,0,0,0,0,0,0,0,0,39.2679926746879,59.041529278483,0,0,0,0,0,0,0,0,662.28371416483
0,0,9.75426199681895,9.75426199681895,9.55247163980775,9.55247163980774,10.137624404566,10.137624404566,9.90799771275503,9.90799771275503,10.075499148906,10.075499148906,9.44410851182818,9.44410851182818,9.98605886829697,9.98605886829697,10.0334345976264,10.0334345976264,9.64668868709787,9.64668868709787,9.85674004070289,9.85674004070289,9.64363753425864,9.64363753425864,9.57438999462614,9.57438999462613,10.2949335264513,10.2949335264513,9.79893917312139,9.79893917312138,10.1348783326629,10.1348783326629,9.87283581429944,9.87283581429944,10.0234401941991,10.0234401941991,10.0857783956474,10.0857783956474,9.97046551656933,9.97046551656933,64.0572618901708,9.27461502660598,0,0,0,0,0,0,0,0,41.3996284247759,36.7680088520011,0,0,0,0,0,0,0,0,49.9999334719581,42.1060387627513,0,0,0,0,0,0,0,0,38.497492276656,60.0331051219191,0,0,0,0,0,0,0,0,639.604112317761
0,0,9.929033223465,9.92903322346499,10.5955563100472,10.5955563100472,10.4000032785878,10.4000032785878,10.3853311225546,10.3853311225546,9.39575391792727,9.39575391792726,10.4777956982817,10.4777956982817,10.2659742288906,10.2659742288906,9.74484017271085,9.74484017271085,9.30909482247475,9.30909482247475,10.2839185564957,10.2839185564957,10.0261229397385,10.0261229397385,10.4335114557635,10.4335114557635,9.51686701721785,9.51686701721785,10.3605363276592,10.3605363276592,9.61405771210266,9.61405771210266,9.54889937612135,9.54889937612135,9.80451258996288,9.80451258996288,10.2026277812133,10.2026277812133,10.1768304427216,10.1768304427216,65.2469678903257,10.7245795641467,0,0,0,0,0,0,0,0,42.4848834183075,37.7136121712153,0,0,0,0,0,0,0,0,49.9999436619946,42.9863994420945,0,0,0,0,0,0,0,0,38.9368131090806,59.5944113862951,0,0,0,0,0,0,0,0,653.157384759212
0,0,9.89682320605622,9.89682320605622,10.383710640198,10.383710640198,9.87879550206654,9.87879550206654,10.276311921272,10.276311921272,9.92896617701673,9.92896617701673,9.81456427301622,9.81456427301622,9.96055769092875,9.96055769092874,9.8080462165183,9.8080462165183,10.2131193667795,10.2131193667795,10.002732266426,10.002732266426,9.79324699591711,9.79324699591711,10.3246731946948,10.3246731946948,9.88875336051519,9.88875336051519,10.0172684288602,10.0172684288602,10.2581008030257,10.2581008030257,10.1200669518117,10.1200669518117,9.67333407904209,9.67333407904208,10.3305761217548,10.3305761217548,10.152414906901,10.152414906901,65.2677836931721,10.0572860221663,0,0,0,0,0,0,0,0,42.6320190221008,37.3446393377854,0,0,0,0,0,0,0,0,49.9999509479227,43.4517737346265,0,0,0,0,0,0,0,0,39.1826255342619,60.918898749157,0,0,0,0,0,0,0,0,655.45386020146
0,0,9.79920934439767,9.79920934439767,10.4253400830168,10.4253400830168,10.110123607093,10.110123607093,10.0402986816894,10.0402986816894,10.3939312516005,10.3939312516005,10.6771802888826,10.6771802888826,9.57467739319407,9.57467739319406,9.78219869072126,9.78219869072126,9.68257205193954,9.68257205193954,10.1278187457013,10.1278187457013,9.7169589358366,9.7169589358366,10.0815661499288,10.0815661499288,10.2407115255177,10.2407115255177,10.4621892499872,10.4621892499872,9.9268850095823,9.9268850095823,10.3091364219061,10.3091364219061,9.68989888515905,9.68989888515905,10.3037578995928,10.3037578995928,9.6145711236483,9.6145711236483,65.3530906724972,10.0254177867157,0,0,0,0,0,0,0,0,42.737043216927,38.3255192944147,0,0,0,0,0,0,0,0,49.9999478512553,43.0458290502442,0,0,0,0,0,0,0,0,39.1491610214068,60.3784425788207,0,0,0,0,0,0,0,0,656.189240821215
0,0,10.2873142624436,10.2873142624436,9.68176488967195,9.68176488967195,9.77565198616749,9.77565198616749,10.2778245563289,10.2778245563289,10.0495242393542,10.0495242393542,10.1454239206125,10.1454239206125,10.1923201489611,10.1923201489611,10.0500842292949,10.0500842292949,9.74427942492596,9.74427942492596,9.79304930674674,9.79304930674674,9.44710314172412,9.44710314172412,10.3103468523566,10.3103468523566,10.0529519450469,10.0529519450469,9.91625246503156,9.91625246503156,9.97335360979751,9.97335360979751,10.4687211660064,10.4687211660064,9.46566847263533,9.46566847263533,10.0446909678946,10.0446909678946,10.0026869131042,10.0026869131042,64.8449471181261,9.79321691121809,0,0,0,0,0,0,0,0,42.1881685769509,37.8431827881752,0,0,0,0,0,0,0,0,49.9999408943125,42.6334611892724,0,0,0,0,0,0,0,0,38.8513491863687,59.973620465515,0,0,0,0,0,0,0,0,649.288133165683
0,0,9.43003362877425,9.43003362877425,10.3801573646105,10.3801573646105,10.2000675913334,10.2000675913334,10.102034138342,10.102034138342,10.2518491909221,10.2518491909221,10.1109107538818,10.1109107538818,10.2256459609598,10.2256459609598,9.56565996516659,9.56565996516659,10.0604492663709,10.0604492663709,10.0423118294843,10.0423118294843,9.96869170891429,9.96869170891429,10.1094719471215,10.1094719471215,10.5954652542182,10.5954652542182,10.6559803539946,10.6559803539946,9.97567987871497,9.97567987871496,9.750874079509,9.75087407950899,10.2698753741569,10.2698753741569,10.1973296430632,10.1973296430632,9.48831561973803,9.48831561973802,65.4786516591082,9.70424409839621,0,0,0,0,0,0,0,0,42.958270895516,38.2195625007131,0,0,0,0,0,0,0,0,49.9999538807449,43.9924805016706,0,0,0,0,0,0,0,0,39.3399317713202,60.6700827516338,0,0,0,0,0,0,0,0,659.033178264697
0,0,10.2688008177035,10.2688008177035,10.0119617513075,10.0119617513075,10.0948420553466,10.0948420553466,9.91915581712407,9.91915581712407,9.46132380580226,9.46132380580226,9.90000173297305,9.90000173297305,10.3859606705033,10.3859606705033,9.48745419659254,9.48745419659254,9.91968708238634,9.91968708238634,9.91480323786424,9.91480323786424,10.0530921158176,10.0530921158176,10.663317216817,10.663317216817,9.86342672041217,9.86342672041217,9.86149556235671,9.86149556235671,10.3720566937495,10.3720566937495,9.95139327064256,9.95139327064255,9.91582436389467,9.91582436389467,9.92668925277361,9.92668925277361,9.76380460171756,9.76380460171756,64.8837820129596,10.0959782665524,0,0,0,0,0,0,0,0,42.169492514215,36.8988272100254,0,0,0,0,0,0,0,0,49.9999414425656,43.4450715611762,0,0,0,0,0,0,0,0,38.9022078241353,59.9346691962978,0,0,0,0,0,0,0,0,649.669161130019
0,0,9.99909145904517,9.99909145904517,9.97521923983041,9.97521923983041,10.3014652973558,10.3014652973558,9.82632948138955,9.82632948138955,10.0558274911264,10.0558274911264,10.0827586380002,10.0827586380002,9.69991564696646,9.69991564696646,10.1533217303128,10.1533217303128,9.40432928326477,9.40432928326477,10.4061047774634,10.4061047774634,9.65457794193033,9.65457794193033,9.87951923925244,9.87951923925244,9.60271345394306,9.60271345394305,10.2893141716793,10.2893141716793,10.0693155502803,10.0693155502803,9.64648780997973,9.64648780997973,10.2121356464829,10.2121356464829,9.62476558620258,9.62476558620258,10.305705317407,10.305705317407,64.6633585832133,9.91230518961119,0,0,0,0,0,0,0,0,41.9613609192081,37.3592903524853,0,0,0,0,0,0,0,0,49.999938132087,42.4985145033331,0,0,0,0,0,0,0,0,38.7264714749308,59.8311368630902,0,0,0,0,0,0,0,0,646.566673537543
0,0,9.67309966470331,9.67309966470331,9.63089835536352,9.63089835536351,9.96191983244447,9.96191983244447,10.0659602220914,10.0659602220914,9.69172197687782,9.69172197687782,10.321559995686,10.321559995686,9.95543811069122,9.95543811069122,10.0233689068063,10.0233689068063,9.94639141606894,9.94639141606894,9.90858238204525,9.90858238204524,10.0738502632636,10.0738502632636,9.84037876883192,9.84037876883192,9.76093841178384,9.76093841178384,10.1492947228515,10.1492947228515,10.5447295532044,10.5447295532044,9.9133310451265,9.9133310451265,9.65699967774912,9.65699967774912,10.1367795545072,10.1367795545072,9.88194850172528,9.88194850172528,64.56136634252,9.17487301338986,0,0,0,0,0,0,0,0,41.9993572484896,37.4787541268558,0,0,0,0,0,0,0,0,49.9999413739514,43.1374860282713,0,0,0,0,0,0,0,0,38.8277347529032,60.0698075239943,0,0,0,0,0,0,0,0,646.884946332333
0,0,9.53124473671703,9.53124473671703,10.3066248933036,10.3066248933036,10.1316877385934,10.1316877385934,9.53704490835745,9.53704490835745,9.81591081803345,9.81591081803345,9.83942632244764,9.83942632244764,10.1597493919453,10.1597493919453,9.50725481148339,9.50725481148339,9.70082084648342,9.70082084648341,10.2986697812675,10.2986697812675,9.52568459533521,9.52568459533521,10.1501744281912,10.1501744281912,9.69171131114063,9.69171131114063,9.47661694570539,9.47661694570539,9.46847764392898,9.46847764392897,10.2299744585019,10.2299744585019,10.4647646991169,10.4647646991169,10.5813917297766,10.5813917297766,9.82967768018983,9.82967768018983,64.2702392388904,9.48442644830064,0,0,0,0,0,0,0,0,41.5983811811008,36.5523855415843,0,0,0,0,0,0,0,0,49.9999365548621,42.3138765185389,0,0,0,0,0,0,0,0,38.6204667875024,60.5145374240368,0,0,0,0,0,0,0,0,642.301051139648
0,0,9.75554375512347,9.75554375512347,9.8470959756325,9.8470959756325,10.1725121747641,10.1725121747641,9.47870741881274,9.47870741881273,9.50307467614063,9.50307467614063,9.59497466422231,9.59497466422231,9.76577201477319,9.76577201477319,9.53916098042436,9.53916098042435,10.0896493858056,10.0896493858056,9.90910333948304,9.90910333948304,10.6052725180989,10.6052725180989,10.3354939790468,10.3354939790468,9.88111053550017,9.88111053550016,9.67734158321053,9.67734158321053,9.90613385801081,9.90613385801081,10.027599011652,10.027599011652,9.68725120608441,9.68725120608441,10.0948387303734,10.0948387303734,9.88621851172331,9.88621851172331,64.0433972609424,9.32229671915048,0,0,0,0,0,0,0,0,41.3649223268668,35.9150951802307,0,0,0,0,0,0,0,0,49.9999352138654,43.4636638019174,0,0,0,0,0,0,0,0,38.5176316071848,59.5034768282073,0,0,0,0,0,0,0,0,639.482017529598
0,0,9.90986300598226,9.90986300598226,9.87139587207818,9.87139587207818,10.8296904897272,10.8296904897272,10.3326927681934,10.3326927681934,9.82640590351297,9.82640590351297,10.365374497893,10.365374497893,9.97496109504485,9.97496109504485,10.3522823858023,10.3522823858023,10.1730879970507,10.1730879970507,9.93201692904431,9.93201692904431,9.55229908432434,9.55229908432434,9.7214078479785,9.7214078479785,10.0477418973815,10.0477418973815,10.1100669667059,10.1100669667059,9.84964237799772,9.84964237799772,9.60899535269337,9.60899535269337,10.2815614010082,10.2815614010082,10.2454305869001,10.2454305869001,10.0387132205834,10.0387132205834,65.4247424494208,10.3338868479831,0,0,0,0,0,0,0,0,42.7736091294923,38.3972950648409,0,0,0,0,0,0,0,0,49.9999485053948,42.9348596097366,0,0,0,0,0,0,0,0,39.1172425444331,60.1994865581751,0,0,0,0,0,0,0,0,656.519770558705
0,0,9.74341123861882,9.74341123861882,9.35750137009946,9.35750137009946,10.3952360584073,10.3952360584073,9.4953751119684,9.49537511196839,10.0704873988228,10.0704873988228,9.91041435352543,9.91041435352543,10.0446755184732,10.0446755184732,10.1394893033881,10.1394893033881,10.3882696028756,10.3882696028756,9.86214452767879,9.86214452767879,9.74656022626311,9.7465602262631,9.75476262352413,9.75476262352413,10.2719108941217,10.2719108941217,10.4462241941468,10.4462241941468,10.064499650014,10.064499650014,10.10759527451,10.10759527451,10.1513618435909,10.1513618435909,9.67533940447342,9.67533940447342,10.5649534602333,10.5649534602333,64.9599926524116,8.96528391719819,0,0,0,0,0,0,0,0,42.4903572268882,37.3822113528802,0,0,0,0,0,0,0,0,49.9999573550687,43.7679294907736,0,0,0,0,0,0,0,0,39.2094767242708,61.4587394746093,0,0,0,0,0,0,0,0,653.468600354218
0,0,9.85391850793678,9.85391850793677,10.0159791628558,10.0159791628558,9.65022184977443,9.65022184977442,9.42051020156791,9.4205102015679,10.1385994503028,10.1385994503028,9.81541664533524,9.81541664533523,10.128944237665,10.128944237665,9.89903256823808,9.89903256823808,9.84908053896252,9.84908053896252,9.81897457417118,9.81897457417118,9.77575211855759,9.77575211855759,10.2579256415161,10.2579256415161,9.78829801608887,9.78829801608887,10.1124712829747,10.1124712829747,9.98044348477572,9.98044348477572,10.2805787272043,10.2805787272043,10.223881141672,10.223881141672,10.2104733174399,10.2104733174399,9.8049910234204,9.8049910234204,64.5250711010492,9.10930735647746,0,0,0,0,0,0,0,0,41.9460813216032,36.9190892536865,0,0,0,0,0,0,0,0,49.9999425799837,43.0048332103848,0,0,0,0,0,0,0,0,38.8756659454344,60.8962339546305,0,0,0,0,0,0,0,0,646.727728279029
0,0,9.86892691914809,9.86892691914809,10.130340471938,10.130340471938,9.38158036637774,9.38158036637774,9.99377071758864,9.99377071758864,10.0523518055084,10.0523518055084,9.82481869312671,9.82481869312671,10.2429811877149,10.2429811877149,9.69947603024867,9.69947603024867,9.67370622107642,9.67370622107642,10.1899977872002,10.1899977872002,9.99478432260281,9.99478432260281,10.1941103365007,10.1941103365007,9.94259676192478,9.94259676192477,9.89535007657407,9.89535007657407,10.1316809976266,10.1316809976266,9.96087623765846,9.96087623765845,10.0417761359566,10.0417761359566,9.89838976783891,9.89838976783891,9.46634770424625,9.46634770424625,64.3668832446725,9.36499677619366,0,0,0,0,0,0,0,0,41.7230361774855,37.2809063140332,0,0,0,0,0,0,0,0,49.9999369077831,43.0638975958573,0,0,0,0,0,0,0,0,38.6152994322274,59.1936623842356,0,0,0,0,0,0,0,0,643.346494890736
0,0,9.53487641378782,9.53487641378782,10.5118006082815,10.5118006082815,9.94893532641507,9.94893532641507,9.86294853968471,9.86294853968471,10.0727598466347,10.0727598466347,10.459642597698,10.459642597698,10.2496381707792,10.2496381707792,10.3778258095552,10.3778258095552,10.1878047125713,10.1878047125713,10.2066943434099,10.2066943434099,10.6756045377574,10.6756045377574,9.61998473664221,9.61998473664221,9.98853470873811,9.98853470873811,9.68170500506599,9.68170500506599,9.84321952666593,9.84321952666593,10.2091231911656,10.2091231911656,10.9978259314409,10.9978259314408,9.6859532687895,9.6859532687895,10.0609400851364,10.0609400851364,65.7979539960685,9.57857439273253,0,0,0,0,0,0,0,0,43.33878965802,38.6172143470904,0,0,0,0,0,0,0,0,49.9999612088831,44.5478993212314,0,0,0,0,0,0,0,0,39.5409008455139,60.9540637422583,0,0,0,0,0,0,0,0,663.664401749428
0,0,9.77229346227976,9.77229346227976,10.2356139020252,10.2356139020252,9.87999120782184,9.87999120782184,10.2047106761061,10.2047106761061,10.3959983464243,10.3959983464243,10.5717932635962,10.5717932635962,9.96880280540301,9.96880280540301,10.1340058149412,10.1340058149412,10.302089505062,10.302089505062,9.82891549992286,9.82891549992286,10.3566051395163,10.3566051395163,9.49588377024195,9.49588377024195,10.0755022921416,10.0755022921416,9.73341674069661,9.73341674069661,9.65662025895084,9.65662025895083,9.37996771676523,9.37996771676523,10.1872571189747,10.1872571189747,9.86217910444404,9.86217910444404,10.185344074665,10.185344074665,65.0726084083963,9.77966566190059,0,0,0,0,0,0,0,0,42.4648588284133,38.9207372255756,0,0,0,0,0,0,0,0,49.9999459263447,43.0827256215829,0,0,0,0,0,0,0,0,38.8557037970266,58.893393184411,0,0,0,0,0,0,0,0,651.776158373335
0,0,9.75987427574289,9.75987427574289,10.0380013066213,10.0380013066213,10.3206357751034,10.3206357751034,9.782706096552,9.782706096552,10.1190609160735,10.1190609160735,10.327570349458,10.327570349458,10.167608962515,10.167608962515,9.77658159197877,9.77658159197877,9.57918499275026,9.57918499275025,10.7659443990584,10.7659443990584,10.0232796988193,10.0232796988193,10.7061564371925,10.7061564371925,10.1184656246812,10.1184656246812,10.1162984305468,10.1162984305468,9.96881934475269,9.96881934475268,9.98186917887625,9.98186917887625,10.1286081869159,10.1286081869159,10.255632107111,10.255632107111,10.3952878481884,10.3952878481884,65.8533732877513,9.60851997231988,0,0,0,0,0,0,0,0,43.3951027613187,37.8740326303206,0,0,0,0,0,0,0,0,49.9999651151729,44.7969256400749,0,0,0,0,0,0,0,0,39.6767031610267,61.8397022161737,0,0,0,0,0,0,0,0,665.020393340779
0,0,9.93785552661159,9.93785552661159,9.92562391563958,9.92562391563958,10.2835458245512,10.2835458245512,9.96626433947286,9.96626433947286,9.89618927205184,9.89618927205184,9.70328672908816,9.70328672908815,9.76121977553344,9.76121977553344,9.72901009233758,9.72901009233758,9.68476179722233,9.68476179722233,9.25684061708051,9.2568406170805,10.1660221431771,10.1660221431771,9.90600994323057,9.90600994323057,10.0888728288828,10.0888728288828,9.51700735611509,9.51700735611509,10.5820206033924,10.5820206033924,10.1921312950955,10.1921312950955,9.5823246491338,9.5823246491338,9.84053980302948,9.84053980302948,10.5556491298588,10.5556491298588,64.4189839795321,9.89537767742958,0,0,0,0,0,0,0,0,41.6895321661196,36.5684104416989,0,0,0,0,0,0,0,0,49.9999364944171,41.9148979982778,0,0,0,0,0,0,0,0,38.6800761009241,60.7451185171156,0,0,0,0,0,0,0,0,643.79222348206
0,0,9.95051401620973,9.95051401620973,10.2347124556624,10.2347124556624,9.59715761052508,9.59715761052507,10.1905819892058,10.1905819892058,10.6035609043594,10.6035609043594,10.0957093908114,10.0957093908114,10.1452749880612,10.1452749880612,10.0061994046991,10.0061994046991,9.90552703432941,9.90552703432941,9.73976931669793,9.73976931669792,9.91112975700493,9.91112975700493,9.45550861800031,9.45550861800031,10.3749753426042,10.3749753426042,9.8061384124623,9.8061384124623,9.52871392352893,9.52871392352893,10.2913241161709,10.2913241161709,10.3613858766867,10.3613858766867,10.438845520053,10.438845520053,10.4700936584863,10.4700936584863,65.4125336265939,9.71125908269108,0,0,0,0,0,0,0,0,42.859717459405,38.1337644510885,0,0,0,0,0,0,0,0,49.9999570770075,42.7316851817929,0,0,0,0,0,0,0,0,39.3042203926099,61.8647651917252,0,0,0,0,0,0,0,0,658.009524212006
0,0,9.90272343932674,9.90272343932673,10.2357928567667,10.2357928567667,10.4599535113352,10.4599535113352,9.48217641856286,9.48217641856286,10.2794523523813,10.2794523523813,9.70877175747991,9.70877175747991,9.66432009290087,9.66432009290087,10.0113013811891,10.0113013811891,10.1390520603162,10.1390520603162,10.1130160758107,10.1130160758107,9.64018688350929,9.64018688350928,10.3067047626435,10.3067047626435,9.83964724514996,9.83964724514996,9.66621583783647,9.66621583783647,10.1323309955896,10.1323309955896,10.6354446580454,10.6354446580454,10.115136967254,10.115136967254,10.2313547532281,10.2313547532281,10.2496770317089,10.2496770317089,65.2955153569206,9.91030486135576,0,0,0,0,0,0,0,0,42.6836677802171,37.104273731776,0,0,0,0,0,0,0,0,49.9999561025404,43.3217670228732,0,0,0,0,0,0,0,0,39.2766697960816,61.7537361675141,0,0,0,0,0,0,0,0,656.402073495217
0,0,9.71211039734699,9.71211039734699,9.93938458506029,9.93938458506029,9.97814001340493,9.97814001340493,9.72450996124138,9.72450996124138,10.0783690868004,10.0783690868004,9.99604844382545,9.99604844382545,9.2623815266142,9.26238152661419,9.86680120846291,9.86680120846291,10.2722657015449,10.2722657015449,9.12277441119004,9.12277441119004,10.1331928855258,10.1331928855258,9.99288656961784,9.99288656961784,9.98171966109592,9.98171966109591,10.1413407480518,10.1413407480518,10.324712844166,10.324712844166,9.83215024343618,9.83215024343617,10.1727814276919,10.1727814276919,10.0933224450197,10.0933224450197,9.72195671720878,9.72195671720878,64.2718933373002,9.3338271113551,0,0,0,0,0,0,0,0,41.6275659470497,36.7570184858362,0,0,0,0,0,0,0,0,49.9999349113928,42.4275060217978,0,0,0,0,0,0,0,0,38.6610689609891,60.3999275009159,0,0,0,0,0,0,0,0,642.69359812221
0,0,10.4248711880161,10.4248711880161,10.1034973844407,10.1034973844407,10.191415089759,10.191415089759,10.2025035869623,10.2025035869623,10.1566048078262,10.1566048078262,10.2186099795147,10.2186099795147,10.3175950849323,10.3175950849323,10.08458852516,10.08458852516,10.13601152019,10.13601152019,10.1484086279316,10.1484086279316,9.50292814109734,9.50292814109734,10.6705687128756,10.6705687128756,10.3305080735553,10.3305080735553,9.31458282039831,9.3145828203983,10.0559442860896,10.0559442860896,9.5074902750112,9.50749027501119,9.89530411870261,9.89530411870261,10.3724538967516,10.3724538967516,10.4074385515997,10.4074385515997,65.8443183371207,10.4758146320801,0,0,0,0,0,0,0,0,43.2009346836775,38.4768134470915,0,0,0,0,0,0,0,0,49.9999558138706,43.7486538379862,0,0,0,0,0,0,0,0,39.3606886630446,60.4082828421868,0,0,0,0,0,0,0,0,662.098467072906
0,0,9.70768445328371,9.70768445328371,9.90886779072676,9.90886779072675,10.0869163079153,10.0869163079153,10.4751125070504,10.4751125070504,10.0635812413991,10.0635812413991,9.80870249548644,9.80870249548643,10.0269944466246,10.0269944466246,10.0530627558104,10.0530627558104,10.1401278840481,10.1401278840481,9.72604706572091,9.72604706572091,10.0639605771905,10.0639605771905,10.0351874601632,10.0351874601632,10.6347067005043,10.6347067005043,9.87151367560258,9.87151367560257,10.0758811375832,10.0758811375832,10.5275281848569,10.5275281848569,9.49343283854549,9.49343283854549,10.2479239471497,10.2479239471497,10.2348646344032,10.2348646344032,65.4092115084883,9.69937646170764,0,0,0,0,0,0,0,0,42.8793906029282,37.7544165067706,0,0,0,0,0,0,0,0,49.9999570934595,43.7946745157413,0,0,0,0,0,0,0,0,39.3504216070371,61.2962826722747,0,0,0,0,0,0,0,0,658.368698765867
0,0,9.88921108575034,9.88921108575034,10.2602233978118,10.2602233978118,9.49729650443987,9.49729650443987,10.0736986936256,10.0736986936256,9.94295543344592,9.94295543344592,10.0498970886866,10.0498970886866,9.36649873943514,9.36649873943514,10.7689202998317,10.7689202998317,10.5312753405739,10.5312753405739,10.4073300332386,10.4073300332386,10.2706687063281,10.2706687063281,9.62049296856712,9.62049296856712,10.2077707342208,10.2077707342208,9.81553143803002,9.81553143803001,9.3624812710391,9.3624812710391,9.86023251310219,9.86023251310218,9.98492889644322,9.98492889644321,10.1790435155989,10.1790435155989,10.0236717074157,10.0236717074157,65.0012999109528,9.5709067240404,0,0,0,0,0,0,0,0,42.4124251145132,37.6463052228585,0,0,0,0,0,0,0,0,49.9999463043539,44.3110370767474,0,0,0,0,0,0,0,0,38.9699295889382,59.3756674655558,0,0,0,0,0,0,0,0,651.849304984725
0,0,10.8235197450435,10.8235197450435,9.93220507797936,9.93220507797935,9.68048937286621,9.68048937286621,10.3953950360272,10.3953950360272,10.1383036981856,10.1383036981856,9.61720850888825,9.61720850888825,9.47795967370116,9.47795967370116,10.114613067129,10.114613067129,10.0782857312045,10.0782857312045,9.67610266730752,9.67610266730751,10.7937994550733,10.7937994550733,9.89334445014126,9.89334445014125,9.91924404837089,9.91924404837089,10.6785251559764,10.6785251559764,9.88739366058903,9.88739366058903,10.2438915708385,10.2438915708385,9.87378869872718,9.87378869872718,9.80475934166491,9.80475934166491,10.3517027985218,10.3517027985218,65.5651881063921,10.4837663871272,0,0,0,0,0,0,0,0,42.8645307824419,37.0591768980818,0,0,0,0,0,0,0,0,49.9999537480665,43.8406687633531,0,0,0,0,0,0,0,0,39.3244557767629,61.0927811686928,0,0,0,0,0,0,0,0,658.859141647309
0,0,10.466129984868,10.466129984868,9.67328281205352,9.67328281205352,9.82730222958235,9.82730222958235,9.33022800137121,9.33022800137121,10.177793232957,10.177793232957,9.8696301301576,9.8696301301576,10.3253232014764,10.3253232014764,9.97399769091556,9.97399769091555,10.2556302277174,10.2556302277174,9.80918460350736,9.80918460350736,10.1630908075596,10.1630908075596,10.1495241486513,10.1495241486513,10.2375353041023,10.2375353041023,10.3289190347135,10.3289190347135,10.0639596182061,10.0639596182061,10.1624518824387,10.1624518824387,9.7382423189646,9.73824231896459,9.27942590565237,9.27942590565237,10.752123267278,10.752123267278,65.1638892109127,9.44200851020844,0,0,0,0,0,0,0,0,42.5981168508453,37.4350247921314,0,0,0,0,0,0,0,0,49.9999533914736,44.1344268754803,0,0,0,0,0,0,0,0,39.2005897111069,60.695190608525,0,0,0,0,0,0,0,0,654.907083284621
0,0,10.2623791990834,10.2623791990834,9.99761370234006,9.99761370234006,9.61053978152291,9.6105397815229,10.1220396052041,10.1220396052041,9.93147928215806,9.93147928215806,9.81122354553909,9.81122354553909,9.99536574915692,9.99536574915692,9.52550114683055,9.52550114683055,10.0609325197467,10.0609325197467,9.76400640749168,9.76400640749167,10.2537246713585,10.2537246713585,9.63309873529177,9.63309873529177,9.97603771842721,9.97603771842721,9.56787690323899,9.56787690323898,9.5181868515793,9.51818685157929,9.91221350828313,9.91221350828313,9.9628845153804,9.96288451538039,10.11777378123,10.11777378123,9.77120927189671,9.7712092718967,64.1318872000239,9.90668165858763,0,0,0,0,0,0,0,0,41.3442813723377,36.9030422463726,0,0,0,0,0,0,0,0,49.9999435797879,42.1880994083891,0,0,0,0,0,0,0,0,38.3248037651965,58.7051783173119,0,0,0,0,0,0,0,0,638.66235546073
0,0,10.6099488158182,10.6099488158182,10.4280412938586,10.4280412938586,9.45547347073679,9.45547347073679,9.97630759022596,9.97630759022595,9.79078155768845,9.79078155768845,9.88056873878545,9.88056873878544,10.4867103742966,10.4867103742966,9.91239944014352,9.91239944014352,9.99899379929339,9.99899379929339,10.0722593267684,10.0722593267684,10.1546652450423,10.1546652450423,10.0749203999187,10.0749203999187,9.19621478388543,9.19621478388543,9.92976891234215,9.92976891234215,10.0169699530596,10.0169699530596,9.39993254787704,9.39993254787704,9.93607917598843,9.93607917598843,9.37393758857239,9.37393758857239,9.67291285256466,9.67291285256466,64.4002481399573,10.4172518686976,0,0,0,0,0,0,0,0,41.5355026032291,37.6684407164279,0,0,0,0,0,0,0,0,49.9999592612117,42.6435529047599,0,0,0,0,0,0,0,0,38.2809790899282,57.1206366501367,0,0,0,0,0,0,0,0,640.605214221353
0,0,9.30629790062506,9.30629790062506,10.0406564838663,10.0406564838663,10.2163120246031,10.2163120246031,10.4010024940754,10.4010024940754,9.90120219794293,9.90120219794293,9.63010501881609,9.63010501881609,9.33024609288558,9.33024609288558,10.0674930450362,10.0674930450362,10.3089186132165,10.3089186132165,9.51943839224096,9.51943839224096,10.4571194454318,10.4571194454318,9.53248536628093,9.53248536628093,10.0294886964692,10.0294886964692,10.3394223334298,10.3394223334298,10.6212073392261,10.6212073392261,10.2272231874781,10.2272231874781,10.3826552643097,10.3826552643097,9.83246747343271,9.83246747343271,10.2861850674692,10.2861850674692,65.0824254841611,9.49594069722164,0,0,0,0,0,0,0,0,42.5548112788676,36.8247761363503,0,0,0,0,0,0,0,0,49.9999584635217,43.4150874328923,0,0,0,0,0,0,0,0,39.2943081824214,62.1748487875245,0,0,0,0,0,0,0,0,654.863354793175
0,0,10.3865105331801,10.3865105331801,10.0488266243001,10.0488266243001,10.4024009328288,10.4024009328288,9.95684895745748,9.95684895745748,10.0473075616058,10.0473075616058,10.0145568156703,10.0145568156703,10.1993309453701,10.1993309453701,9.50516314425326,9.50516314425326,9.55086091611558,9.55086091611558,9.7246404610847,9.7246404610847,9.6932707927801,9.6932707927801,10.3896027672491,10.3896027672491,9.790120180578,9.79012018057799,10.4248840502299,10.4248840502299,9.80266669783084,9.80266669783084,9.54306170133495,9.54306170133495,10.24818381873,10.24818381873,10.05402459691,10.05402459691,9.99900523006401,9.99900523006401,64.9555826461838,10.4880266360099,0,0,0,0,0,0,0,0,42.1765664727617,37.4015241597324,0,0,0,0,0,0,0,0,49.9999394631092,42.2340023098969,0,0,0,0,0,0,0,0,38.8244782774232,60.1079284151794,0,0,0,0,0,0,0,0,649.580011527541
0,0,10.2396937952574,10.2396937952574,9.7959076346535,9.7959076346535,10.4796704873699,10.4796704873698,10.4354521023032,10.4354521023032,10.0631964837234,10.0631964837234,9.75224084177965,9.75224084177964,10.1127699981246,10.1127699981246,9.64036566080597,9.64036566080597,9.71521146320321,9.7152114632032,9.66781219330753,9.66781219330753,9.97880590134715,9.97880590134715,10.6394951271991,10.6394951271991,10.190060116934,10.190060116934,10.3346034650671,10.3346034650671,9.92092164739407,9.92092164739407,9.81529461753395,9.81529461753395,9.83955697978281,9.83955697978281,10.4531995856972,10.4531995856972,9.55363268438137,9.55363268438137,65.2626074571542,10.4138865420852,0,0,0,0,0,0,0,0,42.5596985779062,37.5936554076329,0,0,0,0,0,0,0,0,49.9999443002153,43.1301089353024,0,0,0,0,0,0,0,0,39.0648721837593,60.2417519523338,0,0,0,0,0,0,0,0,654.365360021622
0,0,10.0800332690097,10.0800332690097,9.98204707410392,9.98204707410392,10.1839385599919,10.1839385599919,9.98614802660273,9.98614802660273,10.3847366689607,10.3847366689607,10.5131757905362,10.5131757905362,9.91440302537629,9.91440302537629,9.53813017085452,9.53813017085452,10.0643725136951,10.0643725136951,10.3200566443021,10.3200566443021,9.76722998183158,9.76722998183158,10.1092971773602,10.1092971773602,10.1793514868452,10.1793514868452,10.1501556603053,10.1501556603053,9.5372387722282,9.5372387722282,10.1779706025522,10.1779706025522,10.4232164986371,10.4232164986371,9.65858105014928,9.65858105014928,9.79203495108236,9.79203495108236,65.2784291389569,9.94611132789476,0,0,0,0,0,0,0,0,42.6599658001093,38.363842678338,0,0,0,0,0,0,0,0,49.9999457100786,43.3476556661143,0,0,0,0,0,0,0,0,39.0665664864607,59.8051203665937,0,0,0,0,0,0,0,0,654.962703983753
0,0,9.73437046956526,9.73437046956525,10.1405114021159,10.1405114021159,9.99338446368137,9.99338446368137,9.88639705436445,9.88639705436445,10.305722670212,10.305722670212,9.94412449756138,9.94412449756138,10.0149455006954,10.0149455006954,9.8447498432489,9.8447498432489,10.0417752727095,10.0417752727095,9.63363741838927,9.63363741838927,9.92084980195769,9.92084980195769,10.3851946610428,10.3851946610428,9.66071013099615,9.66071013099615,10.0315734274573,10.0315734274573,9.82217302351364,9.82217302351364,10.2817584135658,10.2817584135658,9.69858265209251,9.69858265209251,10.3026269767604,10.3026269767604,9.97023434472757,9.97023434472756,64.8012956917752,9.58674851747201,0,0,0,0,0,0,0,0,42.1872302403915,37.6676820785282,0,0,0,0,0,0,0,0,49.9999417633728,42.8358912393721,0,0,0,0,0,0,0,0,38.8846388215603,60.2450456898384,0,0,0,0,0,0,0,0,649.277881466402
0,0,9.63119404721904,9.63119404721904,9.75315311712736,9.75315311712736,10.017178297199,10.017178297199,9.81868105352066,9.81868105352066,10.1741678644948,10.1741678644948,9.93968213533719,9.93968213533718,9.74437733471767,9.74437733471767,10.1961654480208,10.1961654480208,10.1369123658654,10.1369123658654,9.74157390915251,9.7415739091525,9.73394284706293,9.73394284706293,9.5185666841222,9.5185666841222,10.1834838990415,10.1834838990415,10.1569450917651,10.1569450917651,9.96782655776861,9.9678265577686,10.3981389218542,10.3981389218542,10.2655459861955,10.2655459861955,10.1211811954177,10.1211811954176,10.3620709607676,10.3620709607676,64.8512574121137,9.11583325276758,0,0,0,0,0,0,0,0,42.3397481782937,37.2338756535135,0,0,0,0,0,0,0,0,49.9999549256339,42.953743118141,0,0,0,0,0,0,0,0,39.1282820572598,61.8724968354807,0,0,0,0,0,0,0,0,651.71885585683
0,0,9.8813816822745,9.8813816822745,9.54130741108293,9.54130741108293,9.7808876232468,9.7808876232468,10.0199350729138,10.0199350729138,10.1574674200284,10.1574674200283,9.50480140660948,9.50480140660948,9.76179419028783,9.76179419028783,9.97240743877487,9.97240743877487,10.1888517761394,10.1888517761394,9.91488162705238,9.91488162705238,10.0073284706197,10.0073284706197,9.47888976770141,9.47888976770141,9.71284774643788,9.71284774643788,10.4384236739984,10.4384236739984,10.5264237111061,10.5264237111061,10.2573879721101,10.2573879721101,10.3711002097323,10.3711002097323,9.96983127275669,9.96983127275669,10.0147498373902,10.0147498373902,64.6955727653948,9.13400055562039,0,0,0,0,0,0,0,0,42.1521791952232,36.7906178057539,0,0,0,0,0,0,0,0,49.9999497133883,43.0981836637937,0,0,0,0,0,0,0,0,39.0500886729672,61.619675456558,0,0,0,0,0,0,0,0,649.584932853247
0,0,10.1598766945005,10.1598766945005,9.81956141676446,9.81956141676446,9.76185314482669,9.76185314482668,9.89936246611175,9.89936246611175,10.3355968675518,10.3355968675518,9.64417294336946,9.64417294336946,10.0956200507529,10.0956200507529,10.2759573041988,10.2759573041988,9.51533527815931,9.5153352781593,10.093306139682,10.093306139682,9.96376769407158,9.96376769407158,10.6481586495848,10.6481586495848,9.78480005242045,9.78480005242045,10.2124452995849,10.2124452995849,10.6386096944711,10.6386096944711,10.3523027895849,10.3523027895849,10.0449019028609,10.0449019028609,9.99815461750366,9.99815461750366,10.1589081656434,10.1589081656434,65.4724576317678,9.50672283272778,0,0,0,0,0,0,0,0,42.9600864403783,37.4122687025684,0,0,0,0,0,0,0,0,49.9999616921156,44.0363324684767,0,0,0,0,0,0,0,0,39.4856744726711,61.9879244668376,0,0,0,0,0,0,0,0,659.877700355873
0,0,10.0878468625263,10.0878468625263,9.77645417545263,9.77645417545263,10.5546525902392,10.5546525902392,10.296902425407,10.296902425407,10.1818611290609,10.1818611290609,9.53381778830008,9.53381778830008,10.2130952868807,10.2130952868807,9.8824405318764,9.8824405318764,10.1518932571024,10.1518932571024,9.69786382387102,9.69786382387102,10.0861823986167,10.0861823986167,10.5167318473454,10.5167318473454,10.6774643379449,10.6774643379449,9.79589646270184,9.79589646270183,10.4527087243663,10.4527087243663,10.124936467444,10.124936467444,10.0470003763068,10.0470003763068,10.1119683613816,10.1119683613816,10.4121360305474,10.4121360305474,66.0022929098924,10.1540707745388,0,0,0,0,0,0,0,0,43.4647998308555,37.6774384997796,0,0,0,0,0,0,0,0,49.9999656682525,44.2940831663454,0,0,0,0,0,0,0,0,39.7277507942589,62.2659955195161,0,0,0,0,0,0,0,0,666.375776389359
0,0,9.72673490420375,9.72673490420375,10.1442489594031,10.1442489594031,10.463901250607,10.463901250607,10.3794245717047,10.3794245717047,10.21890459183,10.21890459183,9.90798116975098,9.90798116975098,10.253129890377,10.253129890377,9.73040863403774,9.73040863403774,10.0484407035407,10.0484407035407,9.63056819411858,9.63056819411858,9.81302977052616,9.81302977052616,9.86065360302535,9.86065360302534,9.89704437127809,9.89704437127809,10.1564634649668,10.1564634649668,9.89136952073889,9.89136952073889,9.94736305609992,9.94736305609992,9.74526187713708,9.74526187713707,9.89039827375874,9.89039827375874,9.93861581214858,9.93861581214858,64.8666780125849,10.1999341707762,0,0,0,0,0,0,0,0,42.1594856071425,38.2421630154053,0,0,0,0,0,0,0,0,49.9999423295119,42.2601169936308,0,0,0,0,0,0,0,0,38.7280069272612,59.2158025848098,0,0,0,0,0,0,0,0,648.520049456321
0,0,10.0581233782545,10.0581233782545,10.1815979178481,10.1815979178481,10.1472676367196,10.1472676367196,9.96622188078053,9.96622188078053,9.88382173299235,9.88382173299235,10.6153878074122,10.6153878074122,10.0263067940604,10.0263067940604,9.96765392367841,9.9676539236784,9.37377763838549,9.37377763838549,9.9254549019658,9.9254549019658,9.93589111361505,9.93589111361504,9.90389569975792,9.90389569975792,10.052366894694,10.052366894694,10.0302738168709,10.0302738168709,10.0876779805174,10.0876779805174,10.2582008782553,10.2582008782553,10.3804117395295,10.3804117395295,10.255697358348,10.2556973583479,10.4308084501264,10.4308084501264,65.5743720932923,10.0354529670872,0,0,0,0,0,0,0,0,42.9817096141536,37.6535062779316,0,0,0,0,0,0,0,0,49.9999607810045,42.9594934454319,0,0,0,0,0,0,0,0,39.4328928572359,62.3082092099296,0,0,0,0,0,0,0,0,660.14684310544
0,0,9.74059395395709,9.74059395395708,9.26324027882711,9.26324027882711,10.0596830018678,10.0596830018678,10.6823370971262,10.6823370971262,9.71950181185762,9.71950181185762,10.3418235982143,10.3418235982143,9.73743821004675,9.73743821004674,10.3914000180798,10.3914000180798,9.91213178137341,9.91213178137341,9.77814034240708,9.77814034240707,9.98513164969849,9.98513164969849,9.76997308725553,9.76997308725553,9.76069093015608,9.76069093015608,9.69286456237159,9.69286456237159,10.2903364676148,10.2903364676148,10.0394999569391,10.0394999569391,9.91786834040569,9.91786834040569,10.1293400797303,10.1293400797302,10.1773708992533,10.1773708992533,64.6840935520408,9.32483513013975,0,0,0,0,0,0,0,0,42.1248616063081,37.7562397571836,0,0,0,0,0,0,0,0,49.9999434225929,42.7658792210557,0,0,0,0,0,0,0,0,38.866314323106,60.3475721315784,0,0,0,0,0,0,0,0,648.314025848397
0,0,9.88466878896323,9.88466878896323,9.64240133869844,9.64240133869844,9.84226224852312,9.84226224852312,10.2555899529684,10.2555899529684,9.58794346443376,9.58794346443376,10.0146518433692,10.0146518433692,10.1483897082023,10.1483897082023,9.49403087039395,9.49403087039395,10.0391937782592,10.0391937782592,9.62176049324491,9.62176049324491,10.3910190376334,10.3910190376334,9.99283795169342,9.99283795169342,10.4039552409848,10.4039552409848,10.0397984351176,10.0397984351176,9.56630535752805,9.56630535752805,10.0633829100763,10.0633829100763,10.2992501799226,10.2992501799226,10.3925007569363,10.3925007569363,9.65002501668624,9.65002501668623,64.6693356407688,9.40629949920858,0,0,0,0,0,0,0,0,42.0744041934799,36.8527319478032,0,0,0,0,0,0,0,0,49.9999434623426,43.3848311587131,0,0,0,0,0,0,0,0,38.9208491155581,60.647010045165,0,0,0,0,0,0,0,0,648.308412738319
0,0,10.0629301294962,10.0629301294962,9.93058281893676,9.93058281893676,10.5159247996562,10.5159247996562,10.5000448248033,10.5000448248033,9.85588921695418,9.85588921695418,9.82460769877083,9.82460769877083,10.2014999752529,10.2014999752529,9.73123919824275,9.73123919824275,10.4473153815756,10.4473153815756,9.9151658382672,9.9151658382672,10.2200502584781,10.2200502584781,9.49679813776691,9.49679813776691,10.0662787397885,10.0662787397885,9.9592597496963,9.9592597496963,10.0468192492925,10.0468192492925,9.78615718209869,9.78615718209868,10.3383726390844,10.3383726390843,10.325392735504,10.325392735504,9.7274270674508,9.7274270674508,65.3934058295559,10.4063700387054,0,0,0,0,0,0,0,0,42.7180216353186,37.852568799856,0,0,0,0,0,0,0,0,49.9999476669147,43.2641830161602,0,0,0,0,0,0,0,0,39.1303901367821,60.272626918447,0,0,0,0,0,0,0,0,656.166982882816
0,0,9.65383186000811,9.65383186000811,10.0901487650002,10.0901487650002,10.064982035334,10.064982035334,10.0501990006847,10.0501990006847,9.82132589935071,9.82132589935071,9.88371902357745,9.88371902357745,10.034969302654,10.034969302654,9.99830595749118,9.99830595749117,10.335807698357,10.335807698357,9.62701125295384,9.62701125295384,10.2189607262934,10.2189607262934,9.91726250993503,9.91726250993503,9.93762458070636,9.93762458070636,10.2573688043472,10.2573688043472,10.0471533008913,10.0471533008913,10.3732636577239,10.3732636577239,9.50685916147648,9.50685916147648,9.59038139860639,9.59038139860639,10.1695351198128,10.1695351198128,64.7756859648984,9.60832904438931,0,0,0,0,0,0,0,0,42.1606109862394,37.517142650186,0,0,0,0,0,0,0,0,49.9999418038287,43.3636698991496,0,0,0,0,0,0,0,0,38.8740343584737,59.7665191629114,0,0,0,0,0,0,0,0,648.962162579723
0,0,9.71769183573764,9.71769183573763,9.71595150313861,9.71595150313861,9.5507769861106,9.5507769861106,10.404413736125,10.404413736125,9.74714966847829,9.74714966847828,9.86147430836243,9.86147430836243,9.79230944550154,9.79230944550154,9.84804642763321,9.8480464276332,9.62767212477425,9.62767212477425,10.0257006980017,10.0257006980017,9.51900882293118,9.51900882293118,10.1190894168741,10.1190894168741,9.7137445936841,9.7137445936841,10.0273721087264,10.0273721087264,10.3882842747408,10.3882842747408,10.170024956947,10.170024956947,10.0210787867311,10.0210787867311,9.84598165319828,9.84598165319828,9.90192985684715,9.90192985684715,64.1200521131545,9.22456493882235,0,0,0,0,0,0,0,0,41.4844596931039,36.6984870131621,0,0,0,0,0,0,0,0,49.9999335664342,42.3212342798959,0,0,0,0,0,0,0,0,38.5789729043589,60.2374911079171,0,0,0,0,0,0,0,0,640.794927150373
0,0,10.3935430386738,10.3935430386738,10.1262698382421,10.1262698382421,10.1266896601341,10.1266896601341,10.2003738868767,10.2003738868767,9.97384867562083,9.97384867562082,9.55633826436032,9.55633826436032,10.027115791912,10.027115791912,10.8057042714664,10.8057042714664,9.65243771003163,9.65243771003163,10.233084468246,10.233084468246,9.83196732191966,9.83196732191966,10.029687576564,10.029687576564,9.65932592275101,9.659325922751,9.93379155348556,9.93379155348556,10.0330822486714,10.0330822486714,10.3190621297104,10.3190621297104,10.2649891032964,10.2649891032964,10.3419382846296,10.3419382846296,9.87035036745828,9.87035036745828,65.5688532217041,10.4408230466215,0,0,0,0,0,0,0,0,42.8907908864883,37.5804857827789,0,0,0,0,0,0,0,0,49.9999532851839,43.4524910538434,0,0,0,0,0,0,0,0,39.2894208208892,60.9853152599379,0,0,0,0,0,0,0,0,658.803987027401
0,0,9.90875536573438,9.90875536573437,10.5904283613815,10.5904283613815,10.531239652366,10.531239652366,10.0260991522708,10.0260991522708,10.3804805193423,10.3804805193423,10.0092724886435,10.0092724886435,10.0823776253688,10.0823776253688,9.47637442731523,9.47637442731523,10.3624181888826,10.3624181888826,9.6131662401848,9.6131662401848,10.3030325987565,10.3030325987565,10.1539852975437,10.1539852975437,10.0809965808527,10.0809965808527,9.77337538298231,9.77337538298231,9.87499085802268,9.87499085802268,9.82000938544927,9.82000938544927,9.88804494219601,9.888044942196,9.68499570875519,9.68499570875518,10.2834408420557,10.2834408420557,65.3756385521785,10.5817332427836,0,0,0,0,0,0,0,0,42.6552809940738,38.2798191626195,0,0,0,0,0,0,0,0,49.9999447631204,43.0281002670703,0,0,0,0,0,0,0,0,39.0008992244412,59.4799154856762,0,0,0,0,0,0,0,0,655.00101699087
0,0,9.73917152807623,9.73917152807623,9.92863406425839,9.92863406425839,9.9125374977423,9.9125374977423,10.1445989014067,10.1445989014067,10.0086446803907,10.0086446803907,10.5344789909269,10.5344789909269,9.9969502232242,9.9969502232242,10.4901128486858,10.4901128486858,10.2855493597264,10.2855493597264,9.73029151346942,9.73029151346942,10.3516109648252,10.3516109648252,9.62924613722812,9.62924613722812,10.3369282481537,10.3369282481537,9.86663107814833,9.86663107814833,10.3621463727007,10.3621463727007,10.4333852228564,10.4333852228564,10.1602934801614,10.1602934801614,10.1787484207473,10.1787484207473,9.74079867136592,9.74079867136592,65.6351797989993,9.41457726684975,0,0,0,0,0,0,0,0,43.1851796476454,38.5333498469908,0,0,0,0,0,0,0,0,49.9999597972998,44.1772993867243,0,0,0,0,0,0,0,0,39.4996253742451,61.1977212803059,0,0,0,0,0,0,0,0,661.872688574789
0,0,9.97453122705257,9.97453122705257,9.82351220571901,9.82351220571901,10.1228888605227,10.1228888605227,9.73275638137444,9.73275638137444,10.4756568959312,10.4756568959312,10.2267266307154,10.2267266307154,10.3238885150701,10.3238885150701,9.66892743906408,9.66892743906407,10.2645861144798,10.2645861144798,10.4392765876977,10.4392765876977,9.99329448690524,9.99329448690524,10.1589703096317,10.1589703096317,10.3570761584852,10.3570761584852,9.76099377225277,9.76099377225277,10.0043462224151,10.0043462224151,9.86408806063497,9.86408806063497,9.60831156117574,9.60831156117574,9.93446830991571,9.93446830991571,9.61094993043553,9.61094993043553,65.0735984465406,9.53161536626588,0,0,0,0,0,0,0,0,42.5031981063385,38.6724462330045,0,0,0,0,0,0,0,0,49.9999456572845,43.9680189690856,0,0,0,0,0,0,0,0,38.9326011722588,58.6694500367782,0,0,0,0,0,0,0,0,652.427927339587
0,0,9.76666359675048,9.76666359675048,10.1946922521567,10.1946922521567,10.0622104746675,10.0622104746675,10.2304456379236,10.2304456379236,9.93074729365054,9.93074729365054,9.6944721584926,9.6944721584926,10.0088848806562,10.0088848806562,9.95809679192135,9.95809679192134,9.4532410926973,9.4532410926973,10.0181870338072,10.0181870338072,10.123734896288,10.123734896288,10.1177993240528,10.1177993240528,9.72005670382956,9.72005670382955,9.56503232191219,9.56503232191219,10.1662654540204,10.1662654540204,9.97522463256811,9.97522463256811,9.59835820372806,9.59835820372806,10.6070667486888,10.6070667486888,9.53461481287632,9.53461481287632,64.4824399340864,9.94128641740341,0,0,0,0,0,0,0,0,41.7598814465483,37.1968565695386,0,0,0,0,0,0,0,0,49.9999377925118,42.4790973203139,0,0,0,0,0,0,0,0,38.5952070789069,59.3722277468194,0,0,0,0,0,0,0,0,643.945782809871
0,0,10.4124265563557,10.4124265563557,9.85345636033534,9.85345636033533,9.85237036114481,9.85237036114481,9.51983572268151,9.51983572268151,9.86713749237955,9.86713749237955,9.77173379628382,9.77173379628382,10.2193904704871,10.2193904704871,9.53936237131995,9.53936237131995,10.0100856314009,10.0100856314009,10.3153915198516,10.3153915198516,10.0720935611368,10.0720935611368,9.89013898293006,9.89013898293006,10.1354782048527,10.1354782048527,10.0374938799647,10.0374938799647,9.91257340059813,9.91257340059813,9.52705362088575,9.52705362088575,10.3187962341763,10.3187962341763,9.94509028225761,9.94509028225761,9.76422439688776,9.76422439688776,64.5601387517663,9.72823717788436,0,0,0,0,0,0,0,0,41.8552742121259,36.7918103907068,0,0,0,0,0,0,0,0,49.9999382632937,43.3749986710001,0,0,0,0,0,0,0,0,38.7116915684519,59.5042880579628,0,0,0,0,0,0,0,0,645.466596932894
0,0,9.92228906351248,9.92228906351247,10.1874045565374,10.1874045565374,10.1888822525051,10.1888822525051,10.4741436105846,10.4741436105846,9.6784228801134,9.6784228801134,9.95702779165901,9.957027791659,9.98431683544764,9.98431683544763,9.38423324448765,9.38423324448765,9.75670376595015,9.75670376595014,10.2933227570144,10.2933227570144,9.78689155527177,9.78689155527177,10.0371598555055,10.0371598555055,9.78947883371394,9.78947883371393,9.33854200074439,9.33854200074439,9.72415214593195,9.72415214593195,10.2841414612335,10.2841414612335,10.1170016565322,10.1170016565322,10.1514263790173,10.1514263790173,9.99037580243756,9.99037580243756,64.6497018520833,10.3063527227872,0,0,0,0,0,0,0,0,41.8826893924033,37.0078055625331,0,0,0,0,0,0,0,0,49.9999379003052,42.2667484764358,0,0,0,0,0,0,0,0,38.6639143498627,59.8242064547272,0,0,0,0,0,0,0,0,645.737981695499
0,0,10.051996948439,10.051996948439,9.95797215086007,9.95797215086007,10.2340751956376,10.2340751956376,9.78492874859657,9.78492874859657,9.99411194961488,9.99411194961488,9.50315930119809,9.50315930119809,9.88548202793543,9.88548202793543,10.258439587801,10.258439587801,9.96850360352144,9.96850360352144,9.86993973642121,9.8699397364212,9.85108699563888,9.85108699563888,9.96704858393029,9.96704858393029,10.4885990805066,10.4885990805066,10.200948697774,10.200948697774,10.2108166158458,10.2108166158458,10.315069825452,10.315069825452,9.69420925781402,9.69420925781402,10.2470851400215,10.2470851400215,9.97425126177222,9.97425126177222,65.1388768579364,9.83320045865604,0,0,0,0,0,0,0,0,42.5189671357022,36.9869912496488,0,0,0,0,0,0,0,0,49.9999511104444,43.5978262444126,0,0,0,0,0,0,0,0,39.1849812286699,61.1741432578134,0,0,0,0,0,0,0,0,654.293917079889
0,0,10.5482267484107,10.5482267484107,9.69438054619058,9.69438054619058,10.5070575582273,10.5070575582273,9.94833403396779,9.94833403396779,10.1258330496787,10.1258330496787,10.1281989896082,10.1281989896082,10.3448387138476,10.3448387138476,10.0867822254573,10.0867822254573,10.1681118503069,10.1681118503069,9.62179589631572,9.62179589631572,10.0268021259647,10.0268021259647,9.83573020408233,9.83573020408232,10.4730029323083,10.4730029323083,10.0105685389279,10.0105685389279,10.0632185089009,10.0632185089009,9.85427680980855,9.85427680980855,9.49534443748386,9.49534443748386,10.2375607080496,10.2375607080495,9.44370231141469,9.44370231141469,65.2634683024782,10.3802875121297,0,0,0,0,0,0,0,0,42.5485355757384,38.4999913062802,0,0,0,0,0,0,0,0,49.9999460990759,43.1763106503552,0,0,0,0,0,0,0,0,38.9277851401825,58.9241021627623,0,0,0,0,0,0,0,0,653.506771202552
0,0,10.1920306214608,10.1920306214608,9.87015536150254,9.87015536150254,9.57891674943241,9.57891674943241,9.72695544740294,9.72695544740294,10.4549818044395,10.4549818044395,10.2046521864322,10.2046521864322,9.75694604977344,9.75694604977344,9.72865225386677,9.72865225386677,9.60852718110386,9.60852718110386,10.2161561987223,10.2161561987223,10.1048220563742,10.1048220563742,9.80154248246227,9.80154248246227,9.79499923641101,9.79499923641101,9.60827203567326,9.60827203567326,10.7050307606457,10.7050307606457,9.74058055316875,9.74058055316875,10.1709507492108,10.1709507492108,10.2306420231891,10.2306420231891,9.86923224321346,9.86923224321345,64.6836069522819,9.42515684485403,0,0,0,0,0,0,0,0,42.0627098585912,37.4294747284449,0,0,0,0,0,0,0,0,49.9999403364515,42.7029471887661,0,0,0,0,0,0,0,0,38.8515674476741,60.4345368054899,0,0,0,0,0,0,0,0,647.908139610323
0,0,9.74763026201123,9.74763026201123,10.0771712096611,10.0771712096611,10.1088905222097,10.1088905222097,10.2498857910577,10.2498857910577,10.0273003522724,10.0273003522724,9.31469040249465,9.31469040249465,10.3463042566723,10.3463042566723,10.1495761182461,10.1495761182461,9.814182061257,9.814182061257,10.2315172735835,10.2315172735835,10.0926132903641,10.0926132903641,10.1291189079988,10.1291189079988,10.2346135300896,10.2346135300896,10.326712594616,10.326712594616,10.0854361911059,10.0854361911059,9.8734026940191,9.8734026940191,9.92301186688707,9.92301186688707,10.4410530931514,10.4410530931514,9.87623289528807,9.87623289528807,65.3632019004348,9.78180980140042,0,0,0,0,0,0,0,0,42.8038056270863,37.4206382485007,0,0,0,0,0,0,0,0,49.9999563562728,44.1477750501254,0,0,0,0,0,0,0,0,39.3104275072114,60.9822418831972,0,0,0,0,0,0,0,0,657.531060018886
0,0,9.93379042653569,9.93379042653569,9.95100763292161,9.95100763292161,10.0622679896657,10.0622679896657,10.3050280752312,10.3050280752312,9.58672386916246,9.58672386916246,9.57530798253093,9.57530798253092,9.72253789558192,9.72253789558192,10.087086271079,10.087086271079,10.319688993263,10.319688993263,9.76184103103017,9.76184103103017,10.2322332665712,10.2322332665712,10.5261556471385,10.5261556471385,10.2325036048552,10.2325036048552,10.4066076293518,10.4066076293518,9.73479378489806,9.73479378489806,10.1595814158289,10.1595814158289,9.92546961858651,9.92546961858651,10.4156747376838,10.4156747376838,10.2246437410808,10.2246437410808,65.4188175468718,9.84896636468947,0,0,0,0,0,0,0,0,42.8501150717706,36.6269097511501,0,0,0,0,0,0,0,0,49.9999630599356,44.4802969174147,0,0,0,0,0,0,0,0,39.4351319641822,61.8229242056683,0,0,0,0,0,0,0,0,658.764327873783
0,0,10.0563217621046,10.0563217621046,9.76289762545032,9.76289762545032,10.0549801464387,10.0549801464387,10.329452099373,10.329452099373,10.4227036252584,10.4227036252584,9.45724684614006,9.45724684614006,9.84260742544571,9.84260742544571,9.58318875013785,9.58318875013785,10.0999808183475,10.0999808183474,10.5679338528653,10.5679338528653,9.73841244093158,9.73841244093158,10.0031318542958,10.0031318542958,10.258871263573,10.258871263573,10.1938385518752,10.1938385518752,10.0520558628394,10.0520558628394,10.1093080793197,10.1093080793197,10.0087241688839,10.0087241688839,9.90493502826293,9.90493502826293,10.0347941186126,10.0347941186126,65.144527811992,9.83911944525998,0,0,0,0,0,0,0,0,42.5342563376755,37.3955034766077,0,0,0,0,0,0,0,0,49.999947155194,43.6087244319127,0,0,0,0,0,0,0,0,39.116736544494,60.5501347859881,0,0,0,0,0,0,0,0,653.996082724867
0,0,10.3749528402679,10.3749528402679,10.1971605731754,10.1971605731754,10.223702018168,10.223702018168,9.81258426622139,9.81258426622139,9.96220470293506,9.96220470293506,9.35558477009522,9.35558477009522,9.69491407948911,9.69491407948911,10.3297288361629,10.3297288361629,10.3407007869083,10.3407007869083,9.76263549569839,9.76263549569838,9.85657546789322,9.85657546789322,10.3295301188712,10.3295301188712,9.78492499410655,9.78492499410655,10.0666450856898,10.0666450856898,10.3076884496871,10.3076884496871,10.121544509121,10.121544509121,9.64536676143464,9.64536676143463,9.88482521173544,9.88482521173544,10.2730844600951,10.2730844600951,65.1449441364359,10.3772695970607,0,0,0,0,0,0,0,0,42.4096840399474,36.9168014382195,0,0,0,0,0,0,0,0,49.9999451871764,43.3964295691,0,0,0,0,0,0,0,0,39.0381935078403,60.4054786314958,0,0,0,0,0,0,0,0,652.89753401794
0,0,9.31398455297786,9.31398455297786,10.3577871379692,10.3577871379692,9.36998337700933,9.36998337700933,10.0495012314039,10.0495012314039,9.63838643005643,9.63838643005643,10.5645594148163,10.5645594148163,9.85182374700834,9.85182374700834,9.78769202975669,9.78769202975669,9.51866747922936,9.51866747922936,9.82643055635784,9.82643055635783,10.3485062471407,10.3485062471407,10.2455402329923,10.2455402329923,9.9445214500475,9.9445214500475,10.2802722734251,10.2802722734251,10.2398369522935,10.2398369522935,10.0482227685864,10.0482227685864,9.88036473515513,9.88036473515513,9.98871553620901,9.98871553620901,9.91658500380965,9.91658500380965,64.5583673545377,9.01323074547652,0,0,0,0,0,0,0,0,42.0270363932786,37.15933775467,0,0,0,0,0,0,0,0,49.9999436684232,43.377231004779,0,0,0,0,0,0,0,0,38.9082948187342,60.5613302333959,0,0,0,0,0,0,0,0,647.484355013246
0,0,9.66601253714503,9.66601253714503,10.1267859826781,10.1267859826781,9.98223932438802,9.98223932438802,10.168338816637,10.168338816637,9.79853041253243,9.79853041253243,10.0504183731374,10.0504183731374,10.0708139154472,10.0708139154472,10.0218778379262,10.0218778379262,10.094073262366,10.094073262366,10.1818143029758,10.1818143029758,10.3155650727635,10.3155650727635,9.93957539939731,9.93957539939731,10.2402746887906,10.2402746887906,9.99813284785587,9.99813284785587,9.773678369519,9.773678369519,9.49379090594366,9.49379090594366,9.79945153000434,9.79945153000433,10.5512030089189,10.5512030089189,10.1270093586436,10.1270093586436,65.1121947616879,9.62765269683755,0,0,0,0,0,0,0,0,42.5441714735599,37.5925937911413,0,0,0,0,0,0,0,0,49.999950013559,44.0097292482459,0,0,0,0,0,0,0,0,39.0957434098453,60.2028726826342,0,0,0,0,0,0,0,0,653.774415742401
0,0,10.0163320950375,10.0163320950375,9.95261496677661,9.95261496677661,9.82559218231433,9.82559218231433,9.79402381584597,9.79402381584597,9.95749973509848,9.95749973509847,9.67401579142847,9.67401579142847,9.89159256948776,9.89159256948776,10.1276945626076,10.1276945626076,10.2931927600399,10.2931927600399,10.0808394887115,10.0808394887115,9.9153428700326,9.9153428700326,10.1254473398084,10.1254473398084,10.1634388438127,10.1634388438127,9.56803095729123,9.56803095729123,9.81354212225885,9.81354212225885,10.4130053338667,10.4130053338667,9.86009485135513,9.86009485135513,10.1217319579896,10.1217319579896,10.0528331198048,10.0528331198048,64.8083042577216,9.52837700535866,0,0,0,0,0,0,0,0,42.1949795857945,37.026816885196,0,0,0,0,0,0,0,0,49.9999447922064,43.6532031106688,0,0,0,0,0,0,0,0,38.9484693418419,60.3110693372635,0,0,0,0,0,0,0,0,649.724010963338
0,0,9.73979945292731,9.73979945292731,9.90788462935904,9.90788462935904,9.45430444616021,9.45430444616021,9.51803198701481,9.51803198701481,10.3374218015227,10.3374218015227,9.73978058158553,9.73978058158552,10.0288133898738,10.0288133898738,9.7447412944528,9.7447412944528,10.1631122214021,10.1631122214021,9.6643189103905,9.6643189103905,9.95565865244007,9.95565865244007,10.2968502549121,10.2968502549121,10.3025462870893,10.3025462870893,9.71592775742637,9.71592775742637,10.2592735918832,10.2592735918832,9.93211388833006,9.93211388833006,9.9802982607019,9.9802982607019,9.60933410659745,9.60933410659745,9.85288756832368,9.85288756832367,64.1718560998614,8.84335156818006,0,0,0,0,0,0,0,0,41.5963573788304,37.1569222478477,0,0,0,0,0,0,0,0,49.9999351729885,43.1455020171185,0,0,0,0,0,0,0,0,38.6070744250322,59.5259991659554,0,0,0,0,0,0,0,0,641.763235081239
0,0,9.99458721361738,9.99458721361737,9.92030024917887,9.92030024917887,10.0394076553947,10.0394076553947,10.0982764652172,10.0982764652172,9.78499024189784,9.78499024189784,10.0558474457539,10.0558474457539,9.70077551857039,9.70077551857039,10.3971399145158,10.3971399145158,10.1401399709603,10.1401399709603,10.1027715313218,10.1027715313218,9.84922011930154,9.84922011930154,9.93074729001874,9.93074729001874,9.83595030754879,9.83595030754879,9.82581182875672,9.82581182875671,10.5177365215242,10.5177365215242,9.53663149280249,9.53663149280249,9.81929784597795,9.81929784597795,10.2201452822016,10.2201452822016,9.9307096320613,9.93070963206129,64.8481020437062,9.80223062204854,0,0,0,0,0,0,0,0,42.1972539924,37.517468950579,0,0,0,0,0,0,0,0,49.99994227034,43.2653529009836,0,0,0,0,0,0,0,0,38.868580675664,59.7215288729809,0,0,0,0,0,0,0,0,649.449987806209
0,0,9.76269306393611,9.76269306393611,9.98266697022317,9.98266697022317,9.84124069341207,9.84124069341207,9.5397427077864,9.5397427077864,10.4013072852268,10.4013072852268,9.72441552883653,9.72441552883653,10.0236953559685,10.0236953559685,9.88886595759594,9.88886595759594,9.93355348291102,9.93355348291102,10.2575456315442,10.2575456315442,9.42931362655427,9.42931362655426,10.159657657571,10.159657657571,10.2320369857774,10.2320369857774,10.0876050263986,10.0876050263986,10.3549388627908,10.3549388627908,9.3994936233023,9.3994936233023,9.89650906624232,9.89650906624232,9.7465199293051,9.74651992930509,10.2116952897574,10.2116952897574,64.4685475597003,9.20035100711654,0,0,0,0,0,0,0,0,41.8713801584671,37.3866411312039,0,0,0,0,0,0,0,0,49.9999380127285,43.0916698874007,0,0,0,0,0,0,0,0,38.7293404012919,59.7294621841556,0,0,0,0,0,0,0,0,645.232156434176
0,0,9.87106481403693,9.87106481403693,10.1823535846559,10.1823535846559,9.82270690447933,9.82270690447932,10.049370737031,10.049370737031,9.97379001918588,9.97379001918588,10.7903978001441,10.7903978001441,10.1939558134931,10.1939558134931,9.91312928943519,9.91312928943518,9.89869588339863,9.89869588339862,9.5893445907852,9.58934459078519,9.76908579072046,9.76908579072046,9.89160383643194,9.89160383643194,10.3968290357182,10.3968290357182,10.0594224790865,10.0594224790865,10.0452554426752,10.0452554426752,9.75538675382662,9.75538675382662,10.2969734219696,10.2969734219696,10.2153337557839,10.2153337557838,9.44631619228385,9.44631619228385,65.0241139323502,9.70685777043047,0,0,0,0,0,0,0,0,42.4166230598495,38.3920951620239,0,0,0,0,0,0,0,0,49.9999441819441,42.8074806289672,0,0,0,0,0,0,0,0,38.9549608530388,59.9289605553494,0,0,0,0,0,0,0,0,651.887879124288
